분류,쇼핑몰명,회사명,대표명,연락처,이메일,쇼핑몰URL,위치
여성,육육걸즈,육육걸즈,박예나,1688-1360,dpskek@hanmail.net,http://www.66girls.co.kr/,전북 전주시
여성,임블리,부건에프엔씨,박준성,1688-6745,help@bugunfnc.com,http://www.imvely.com,서울시 금천구
여성,난닝구,엔 라인,이정민,1644-8883,help@naning9.com,http://www.naning9.com/,서울시 종로구
여성,스타일난다,난다,김소희,0502-707-8888,nanda@stylenanda.com,http://www.stylenanda.com,서울시 마포구
여성,핫핑,에스에스엘케이에이치,김여진,1588-9843,hotpingna@naver.com,http://www.hotping.co.kr,부산시 해운대구
여성,소녀나라,소녀나라,구길리,1599-8861,help@sonyunanra.com,http://www.sonyunara.com,서울시 구로구
여성,모코블링,모코블링,권아람,1644-1069,mocobling@naver.com,http://www.mocobling.com/,청주시 청원구
여성,고고싱,고고싱,황은숙,1688-3073,hkm0977@nate.com,http://www.ggsing.com,전북 전주시
여성,더데이즈,데이즈컴퍼니,노태호,1522-8987,dejou7@naver.com,http://www.thedaze.kr/,서울시 동대문구
여성,러브러브미,스타일플럭스,이성일,1688-9095,leekry@nate.com,http://www.loveloveme.com/,서울시 종로구
여성,앙투,디비케이,한수이,1833-5981,dbk6677@hanmail.net,http://www.angtoo.com,부산 연제구
여성,리틀블랙,해진,김현태,1877-5200,black6115@naver.com,http://www.littleblack.co.kr/,대구시 수성수
여성,11am,주식회사 임여진,임여진,1688-2145,cs@11am.co.kr,http://www.11am.co.kr,서울시 강남구
여성,미쳐라,팀그레이프,서승완,1666-3166,luna@ysmcorp.com,http://www.michyeora.com/,서울시 강남구
여성,미아마스빈,미아마스빈,김영란,1566-0283,help@miamasvin.co.kr,http://www.miamasvin.co.kr,대구시 달서구
여성,메롱샵,메롱샵,장총명,1800-7663,jcm1205@naver.com,http://www.merongshop.com/,충북 충주시
여성,플라이모델,플라이모델,김상아,1644-7351,flymodel_1@naver.com,http://www.flymodel.co.kr/,서울시 서대문구
여성,메이비베이비,메이크엠,이겨래,1644-7305,maybe_baby@naver.com,http://www.maybe-baby.co.kr/,서울시 서초구
여성,리본타이,나나앤컴퍼니,김애다,1661-8705,ribboninfo@naver.com,http://www.ribbontie.co.kr/,서울시 종로구
여성,썸제이,썸제이,이승환,1577-4328,ebbnina84@hotmail.com,http://www.ssumj.com/,서울시 서초구
여성,홀릭홀릭,홀릭홀릭,윤정현,1666-5152,holicholic02@naver.com,http://www.holicholic.com,대구시 수성구
여성,그레이시크,그레이시크,김범준,1566-3722,hp86@naver.com,http://www.graychic.co.kr/,서울시 성북구
여성,스토리나인,스토리나인,손현민,1899-4516,storynine@naver.com,http://www.storynine.co.kr,부산시 해운대구
여성,립합,립합,김예진,1544-3083,liphop@liphop.co.kr,http://www.liphop.co.kr,서울시 성북구
여성,업타운홀릭,업타운홀릭,김현아,1688-7540,uptownholic1@naver.com,http://www.uptownholic.com,광주시 서구
여성,젬마월드,젬마월드,황미화,1666-4915,zemmahwang@naver.com,http://www.zemmaworld.com/,대구시 북구
여성,조아맘,더에스제이,최선주,1644-2234,help@joamom.co.kr,http://www.joamom.co.kr,대구시 중구
여성,언니가간다,엘렌,이지수,070-4618-4334,,http://www.gosister.co.kr/,서울시 영등포구
여성,몸빼,스타일엠,최경원,070-4687-7376,duddo2563@naver.com,http://www.mombbe.co.kr/,서울시 중랑구
여성,체리코코,체리코코,지동헌,1600-7255,help@cherrykoko.com,http://www.cherrykoko.com,서울시 강남구
여성,코코블랙,씨엔비컴퍼니,권영주,1544-2683,coco2687@cocoblack.kr,http://www.cocoblack.kr,충북 충주시
여성,파티수,파티수,김수경,1800-5288,,http://www.partysu.co.kr/,충북 충주시
여성,프롬비기닝,비기닝리테일,정명숙,1599-2219,help@heginning.착,http://www.beginning.kr/,서울시 마포구
여성,다홍,디스카운트,이동환,1577-6654,webbox@dahong.co.kr,http://dahong.dscount.com/,서울시 강남구
여성,하나언니,하나언니,최하나,1544-8956,hana_unni@naver.comn,http://www.hanaunni.com/,경기 의정부시
여성,메이블루,더메이,안영호,1544-3262,hjy@mayddle.com,http://www.mayblue.co.kr,경기 고양시
여성,콩스타일,콩스타일,민경애,1577-8042,jungkong8247@naver.com,http://www.kongstyle.co.kr,충북 청주시
여성,시크릿라벨,미래패션,문선명,1544-4182,mirae4182@secretlabel.co.kr,http://www.secretlabel.co.kr,인천시 계양구
여성,갠소,온리스타일,박종현,1600-5968,onlystyle00@naver.com,http://www.gaenso.com,인천시 부평구
여성,안나키즈,에이앤케이컴퍼니,"박수영,이주영",1588-5805,annakids@daum.net,http://www.annakids.co.kr/,서울시 서초구
여성,메리어라운드,선데이브런치,이은정,1577-1847,merryaround@naver.com,http://www.merryaround.co.kr/,인천시 연수구
여성,다바걸,엠제이앤엠,문인기,02-999-9993,dabagirl@naver.com,http://www.dabagirl.co.kr,서울시 동대문구
여성,에이인,에이인,박종훈,02-6404-5175,helpl@a-in.kr,http://www.a-in.kr,서울시 성동구
여성,리린,리린,이승오,1670-7630,leelinshop@naver.com,http://www.leelin.co.kr,서울시 중구
여성,캔마트,와이엔제이21,김영주,1544-6770,canmart2003@naver.com,http://www.canmart.co.kr,부산시 사상구
여성,민스샵,민스샵,천정민,1588-1309,mecca2006@hanmail.net,http://www.minsshop.com,경기 수원시
여성,믹스엑스믹스,믹시티,방민석,1599-1977,info@mixxmix.com,http://www.mixxmix.com/,서울시 구로구
여성,레미떼,레미떼,이민영,1588-9564,lemitelove@naver.com,http://www.lemite.com/,경기 성남시
여성,안나앤블루,안나앤블루,유은선,1544-9574,annann@naver.com,http://www.annanblue.com,경기 부천시
여성,공구우먼,공구우먼,김주영,1588-0903,,http://www.09women.com,경기 양주시
여성,구룸,구룸,안옥균,070-8277-4480,9romcompany@naver.com,http://www.9-room.com/,경기 평택시
여성,아뜨랑스,에스엔패션그룹,구길리,1644-3225,attrangs@naver.com,http://attrangs.co.kr,서울시 구로구
여성,다크빅토리,다크빅토리,"송미라,김혜련",1566-3707,darkvictoryks@nate.com,http://www.darkvictory.co.kr,서울시 용산구
여성,츄,피피비 스튜디오,유주형,1544-1776,chuu@ppbstudios.com,http://www.chuu.co.kr,서울시 성동구
여성,위드윤,위드윤,최정윤,070-4801-6174,choiws@naver.com,http://www.withyoon.com/,경기 의정부시
여성,베니토,베니토,김희정,1661-7944,benitofly@naver.com,http://www.benito.co.kr/,경기 성남시
여성,안녕윤수야,윤수,신예호,1600-2322,dori1127@naver.com,http://www.helloyoonsoo.com,충북 청주시
여성,도드리,도드리,김성희,1588-5386,007lop@naver.com,http://www.dodry.net,경기 성남시
여성,데일리룩,데일리룩,강효준,1800-5406,,http://www.dailylook.kr/,충북 청주시
여성,쇼퍼랜드,쇼퍼랜드,이지선,070-8852-5120,eody0211@naver.com,http://www.shopperland.co.kr/,서울시 송파구
여성,패션풀,주식회사 패션풀,최정훈,1688-9695,fashionfull@hanmail.net,http://www.fashion-full.com,서울시 중구
여성,데일리먼데이,데일리먼데이,오성결,1644-5426,dailymonday@naver.com,http://www.dailymonday.com,서울시 성동구
여성,쇼룸,쇼룸에이치컴퍼니,하시영,1544-0066,helpsroom@naver.com,http://www.sroom.co.kr,대구시 수성구
여성,밀크코코아,밀크코코아,윤정재,1577-9534,milkcocoa505@naver.com,http://www.milkcocoa.co.kr/,서울시 강서
여성,라일론,라일론,정지호,02-2254-3692,enjoyshopping@lylon.co.kr,http://www.lylon.co.kr,서울시 중구
여성,딘트,딘트,신수진,1600-3178,d_i_n_t@naver.com,http://www.dint.co.kr,서울시 금천구
여성,언니옷,언니룩,채규범,031-447-1555,unni2013@naver.com,http://unnilook.co.kr/,경기 안양시
여성,라라봉,라라봉,박봉진,1800-5096,djdj2105@naver.com,http://lalabong.co.kr/,경기 안성시
여성,아모르파티,아모르파티,한성숙,1588-3819,helpcustomer@naver.com,http://swindow.naver.com/style/store,경기 성남시
여성,피그힙,86프로젝트,민지혜,02-457-0944,pighip@pighip.co.kr,http://www.pighip.co.kr/,서울시 중구
여성,제이스타일,제이스타일,김용자,1644-7583,,http://www.jstyleshop.net/,서울시 성동구
여성,안나디바,안나디바,김민정,1899-7405,annadiva@hanmail.net,http://www.annadiva.com/,서울시 강남구
여성,마리쉬,마리쉐,손철,02-6749-4900,,http://www.marishe.com/main.mari?,서울시 금천구
여성,브론즈부부,부부,조명기,1800-6990,booboo1479@naver.com,http://www.bronzebooboo.co.kr/,서울시 강남구
여성,라걸,라걸,윤지영,02-6012-6083,sungeun1115@nate.com,http://www.lagirl.co.kr,서울시 강동구
여성,아덴,로이제이,최미정,1522-6050,yskim@i-arden.com,http://www.i-arden.com/,서울시 송파구
여성,윙스몰,윙스,배상덕,1899-0422,cs@wingsmall.co.kr,http://www.wingsmall.co.kr/,서울시 동대문구
여성,러브패리스,러브패리스,김영숙,1877-5975,loveparis08@naver.com,http://www.loveparis.net,서울시 성북구
여성,스타일온미,스타일온미,김성엽,1544-5020,webmaster@styleonme.com,http://www.styleonme.com,서울시 중구
여성,에바주니,에바홀딩스,김준희,1577-9313,help@evajunie.com,http://www.evajunie.com/,서울시 강남구
여성,프롬걸즈,프롬걸즈,양지효,070-8858-1179,fromgrils55@naver.com,http://www.fromgirls.co.kr/,대전시 중구
여성,모노바비,모노톡시,강혜란,1666-4268,monotoxic@monotoxic.com,http://www.monobarbie.com/,서울시 송파구
여성,키키코,키키컴퍼니,이기준,1544-0252,,http://www.kikiko.co.kr/,경기 파주시
여성,시크헤라,시크헤라,김창민,1599-0719,help@chichera.com,http://www.chichera.co.kr,서울시 용산구
여성,바가지머리,바리엔유,"손석호,김윤경",02-1577-8241,soco@paran.com,http://www.bagazimuri.com/,서울시 강남구
여성,데이디데이,데이디데이,"박소라,이상기",070-4687-7254,day_d_day@naver.com,http://xn--2n1ba37ju43bca.com/,서울시 송파구
여성,모모의옷장,주식회사 함사랑,함사랑,1661-6420,,http://www.momodays.com/,인천시 남동구
여성,마지아룩,마지아앤코,오유진,1899-3839,mazialook1@mazia.kr,http://www.mazia.kr/,경기도 성남시
여성,오르,러브스타나인,이은정,1588-6941,hjp3207@naver.com,http://www.orr.co.kr/,대구시 중구
여성,안나앤모드,지원씨앤씨,"구자환,설대근",1644-4358,annamode@gmail.com,http://annanmode.com/,서울시 동대문구
여성,마랑,마랑,최소영,1899-4417,mymarant@naver.com,http://www.marant.kr/,대전시 유성구
여성,피핀,피앤에프컴퍼니,박명남,1544-8113,pippin19@naver.com,http://www.pippin.co.kr/,서울시 광진구
여성,이쁜걸,팔로우미런던디자인,최삼례,1566-1583,tommyboy77@naver.com,http://www.ippngirl.co.kr/,서울시 도봉구
여성,라두나,라두나,김선연,070-4607-1007,laduna@naver.com,http://www.la-duna.co.kr/,서울시 강남구
여성,폴샵,폴샵,변남옥,1644-3376,jkpark@paulshop.com,http://www.paulshop.com/,서울시 강남구
여성,올슨,올슨,이지선,02-333-3306,,http://www.olssen.co.kr/,서울시 마포구
여성,불량소녀,불량소녀,이유나,1666-1434,bullang@cafe24mail.com,http://www.bullang.com/,서울시 성동구
여성,쥬엔,쥬엔,주세종,1599-2538,ruru0402@naver.com,http://www.jooen.com/,서울시 동대문구
여성,코코제인,코코제인,권시현,1577-8364,cocojane123@naver.com,http://www.cocojane.net/,대구 수성구
여성,로렌하이,비엘스튜디오,유재환,1661-5203,laurenhi1@naver.com,http://www.laurenhi.com/,서울시 성동구
여성,아이팜므,마주,강지영,1544-0647,majoo80@naver.com,http://www.ifemme.co.kr/,서울시 마포구
여성,룸페커,룸페커,이상은,1661-5724,roompacker@roompacker.co.kr,http://www.roompacker.co.kr/,서울시 중구
여성,블랙업,블랙업,최예나,070-4645-6886,blackupp@naver.com,http://www.black-up.kr/,서울시
여성,앨리스루루,에이엘컴퍼니,이준석,1644-7756,allcelulu@naver.com,http://www.alicelulu.com/,경기 부천시
여성,로니엘,로니엘,김지원,1522-0672,leeyuri95@naver.com,http://roniel.co.kr/,경기 평택시
여성,한스스타일,한스스타일,김성민,02-6925-2137,ksmjjk@hotmail.com,http://www.hanstyle.tv/,서울시 강남구
여성,커먼유니크,어나더무드,손영일,1688-9308,help@anothermood.com,http://www.common-unique.com/,서울시 관악구
여성,프로스트제이,프로스트제이,,1599-7436,prostj_official@naver.com,http://www.prostj.com/,서울시 동대문구
여성,어나더유라,유라,한유라,1666-2920,ay9871@cafe24mail.com,http://www.another-youla.co.kr/,광주시 동구
여성,위아히얼,위아히얼,김다운,1522-3464,wearehere@naver.com,http://www.wearehere.co.kr/,광주시 북구
여성,로로텐,로로텐,백송,1544-0685,,http://www.loloten.com/,서울시 동대문구
여성,쏭바이쏭,쏭바이쏭,신홍섭,1544-5696,ssongbyssong@ssongbyssong.com,http://www.ssongbyssong.com/,서울시 동대문구
여성,케이클럽,케이에스디어패럴,권숙동,1899-9992,ksd9416@naver.com,http://k-club.co.kr/,대구시 수성구
여성,메이빈스,컨셀렉션,전경남,1688-5673,maybins@maybins.com,http://www.maybins.com/,서울시 강남구
여성,핑크볼,케이제이더블유,김주완,1666-1099,,http://www.pinkboll.co.kr/,서울시 강서구
여성,초코맘,씨에프에스코리아,김정명,1544-5437,choco@chocomom.com,http://www.chocomom.com/,서울시 송파구
여성,메이뜰,더메이,안영호,1544-3462,hjy@mayddle.com,http://www.mayddle.com/,경기 고양시
여성,오핀,최자영,최자영,02-2245-7079,junsclub@nate.com,http://www.opin.co.kr/,서울시 동대문구
여성,마이바니,마이바니,조민영,1644-8533,mybany11@naver.com,http://www.mybany.com/,경기 고양시
여성,버튼오프,버튼오프,문귀영,070-7761-6078,,http://www.buttonoff.co.kr/,서울시 동대문구
여성,써니,엠앤지어패럴,"최미선,최가영",1544-1755,mng00@naver.com,http://www.ssunny.co.kr,대구 수성구
여성,캔디글로우,캔디글로우,김보연,1670-1214,knh8989@naver.com,http://www.candyglow.co.kr/,충북 청주시
여성,러브앤드팝,위드디케이,송지은,070-8843-9667,,http://loveandpop.kr/,서울시 구로구
여성,에린,에린,김삼선,055-748-6662,kgh9720751@naver.com,http://www.e-rin.co.kr/,경남 진주시
여성,제이마인,제이마인,전영욱,070-7799-7909,,http://www.jmine.net/,경기 고양시
여성,리얼옐로우,리얼옐로우,최효은,070-7710-1147,gydms224@naver.com,http://realyellow.co.kr/,대구시 북구
여성,로즈베이,로즈베이,박송이,1899-6047,sweetrosebay@naver.com,http://www.therosebay.co.kr/,서울시 용산구
여성,마리앙,마리앙,이학풍,1599-1530,mariang7@naver.com,http://www.mariang.co.kr/,서울시 동대문구
여성,드랑,도드리,김성희,1577-2161,ksjin1016@naver.com,http://www.derang.me/,경기 성남시
여성,맘누리,하샨달,덤화정,1661-5260,webmaster@momnuri.com,http://www.momnuri.com/,경기 고양시
여성,나나살롱,나나살롱,이명재,1577-2894,nana-salon@naver.com,http://www.nanasalon.com/,대구 수성구
여성,안다르,안다르,신애련,1566-7318,andar01@naver.com,http://andar.co.kr/,경기 고양시
여성,제이엘프,제이제이컴퍼니,여진주,1644-1262,jellpe@ellpe.co.kr,http://www.ellpe.co.kr/,경기 고양시
여성,스키니피그,스키니피그,조혜령,,skinny@daum.net,http://www.skinnypig.co.kr/,서울시 중구
여성,박남매,박남매,박경리,1577-4350,paknamae@naver.com,http://pak-namae.com/,대구시 중구
여성,쉬즈굿닷컴,에스지퍼슨스,이윤정,1588-2742,shezgood1@naver.com,http://www.shezgood.com/,서울시 성동구
여성,클릭앤퍼니,클릭앤퍼니,김예중,1644-4370,help@clicknfunny.com,http://www.clicknfunny.com/,서울시 성북구
여성,핑크시슬리,핑크시슬리,이현희,1644-7471,pinksisly01@naver.com,http://www.pinksisly.com/,서울시 관악구
여성,하늘하늘,하늘하늘,하늘,02-1599-0410,info@hn-hn.co.kr,http://www.hn-hn.co.kr/,서울시 송파구
여성,미뉴에트,미뉴에트,"전미경,유정민",070-4280-6389,minuet147@naver.com,http://love-minuet.com/,경북 경산시
여성,리얼코코,리얼코코,신경미,1544-2055,,http://www.realcoco.com/,부산시 부산진구
여성,룩걸,룩걸,신성호,1661-4309,help@lookgirl.co.kr,http://www.lookgirl.co.kr/,서울시 도봉구
여성,나인,바이와이제이,김영근,1544-7729,taeyang000@nain.co.kr,http://www.nain.co.kr/,서울시 강남구
여성,악녀일기,씨엔에이치,최민혜,1544-8234,minhye2@nate.com,http://www.baddiary.com,경기 성남시
여성,톰앤래빗,톰앤래빗,이제훈,1599-1779,leesee7@nave.rcom,http://www.tomnrabbit.co.kr,서울시 동대문구
여성,오픈케이지,오픈케이지,장지혜,070-4687-7359,opencage0320@naver.com,http://opencage.co.kr/,경기 성남시
여성,낸시렐라,낸시렐라,김나현,070-8221-3539,nancyrellakim@gmail.com,http://www.nancyrella.com/,서울시 중구
여성,두언니,두언니,이수경,02-921-0593,sukyung152@naver.com,http://www.dounni.com/,서울시 종로구
여성,어게인바이,제이물,김완준,02-1544-5872,,http://www.againby.com/,서울시 송파구
여성,주줌,스타일줌,유재원,02-2232-0997,help@zoozoom.co.kr,http://zoozoom.co.kr/,서울시 중구
여성,업타운걸,다사인터내셔널,강희재,02-541-5563,hjholic09@gmail.com,http://www.utg.kr/,서울시 강남구
여성,디스코살롱,스코컴퍼니,구인순,1600-7846,dsalon@nate.com,http://www.discosalon.co.kr/,경기 의정부시
여성,인디브랜드,인디브랜드,김문영,1899-4551,indibrand7@naver.com,http://www.indibrand.co.kr/,서울시 강남구
여성,프롬헤드투토,프롬헤드투토,구은하,02-2038-3183,idealer@hanmail.net,http://fromheadtotoe.kr/,서울시 동대문구
여성,리브어리,제이엔와이,"임영학,최지혜",070-7677-5593,cebar1@naver.com,http://liveary.com/,서울시 동대문구
여성,고걸,고걸,조미영,02-930-7446,mygogirl@naver.com,http://www.gogirl.co.kr/,서울시 성북구
여성,디그스타일,디그스타일,이동석,1544-4185,,http://www.digue.com/,서울시 성북구
여성,비숍,비숍,윤정은,070-8277-2020,vishop99@naver.com,http://www.vi-shop.kr/,서울시 종로구
여성,핑크에이지,핑크에이지,김지영,sample,sample,http://www.pinkage.co.kr/,sample
여성,에프터먼데이,에프터먼데이,안현미,1544-9987,,http://www.aftermonday.com/,서울시 마포구
여성,비바루비,엘아이엠컴퍼니,임지혜,1800-8997,vivaruby@hanmail.net,http://www.vivaruby.co.kr/,인천시 부평구
여성,메이썸,은선컴퍼니,신은선,070-8880-5550,ye5508@naver.com,http://maysome.com/,경기 고양시
여성,베리유,베리컴퍼니,박아름,1644-8816,verycompany8@naver.com,http://www.veryyou.co.kr/,광주시 서구
여성,니쁜스,피아솜통상,최성재,1544-6884,confio@naver.com,http://www.nibbuns.co.kr/,서울시 성동구
여성,그녀희제,아임희제,송덕순,1566-2731,my@shehj.com,http://shehj.com/,인천시 계양구
여성,블루팝스,블루팝스,조영화,02-969-2265,master@bluepops.co.kr,http://www.bluepops.co.kr/,서울시 중구
여성,마리앙플러스,마리앙플러스,이학풍,1599-2930,mariang7@naver.com,http://www.mariangplus.co.kr/,서울시 동대문구
여성,퓨어다,퓨어다,강승길,070-4420-0855,pureda12@gmail.com,http://www.pureda.co.kr/,서울시 중구
여성,앤피오나,의진,이소의,1644-8851,annpiona79@naver.com,http://www.annpiona.co.kr/,서울시 용산구
여성,본지샵,본지,최진영,1644-4669,bonzi2007@naver.com,http://www.bonzishop.com/,경기 광주시
여성,큐니걸스,큐니걸스,강수현,1599-1735,yoyowest@hanmail.net,http://www.qng.co.kr/,서울시 성북구
여성,오드,오드,김동인,1688-4252,ode@ode.co.kr,http://www.ode.co.kr/,서울시 마포구
여성,따따따,메이플퍼시픽,홍순호,1899-1277,,http://www.ddaddadda.co.kr/,서울시 성북구
여성,미미앤디디,미디애비뉴,현민희,02-3672-0777,,http://www.mimididi.co.kr,서울시 용산구
여성,트왕,티컨셉,최은향,1588-7057,eunheecoco@naver.com,http://www.twang.co.kr/,인천시 연수구
여성,바비로렌,로렌의정원,염민지,1566-0219,,http://www.babirolen.com/,서울시 강남구
여성,아나이스,매종드아나이스,"정석현,이정호",1544-8075,help@anais.co.kr,http://www.anais.co.kr/,서울시 강서구
여성,저스트원,제이오진,윤은해,1644-3662,master@justone.co.kr,http://www.justone.co.kr/,서울시 성동구
여성,헬로우페코,제이쿨,김완준,1588-1255,hellopeco@daum.net,http://www.hellopeco.com/,서울시 동대문구
여성,히프나틱,히프나틱,"김윤주,김지수",070-4128-4121,plushypnotic@naver.com,http://www.hypnotic.co.kr/,서울시 중구
여성,발리비키,올애즈컴퍼니,이경호,1599-0264,allas1394@naver.com,http://www.balibiki.net/,서울시 영등포구
여성,피오나,피오나컴퍼니,전진선,02-2636-2090,fionacp@naver.com,http://www.myfiona.co.kr/,서울시 영등포구
여성,도시그리고여자,도시그리고여자,김현철,02-6053-3562,marinners@gmail.com,http://www.citynwoman.com/,서울시 강동구
여성,투엘브,투엘브,"정다운,정비오",1577-4620,2lve12@naver.com,http://2lve12.com/,서울시 용산구
여성,봉자샵,아이템홀릭,오종필,1899-1482,bongjashop@naver.com,http://www.bongjashop.com,서울시 동대문구
여성,언더비,언더비,김유나,1588-6951,undervi1@naver.com,http://www.under-vi.com/,서울시 성북구
여성,헬로우쿨피스,쿨피스,김지은,070-7633-8703,coolpis03@naver.com,http://www.coolpis.co.kr/,인천시 서구
여성,주와,주와,이지은,070-4171-4117,suyoung123@hanmail.net,http://www.zuwa.co.kr/,대구시 서구
여성,아이스크림12,피피비 스튜디오,유주형,070-4711-7033,icecream12@ppbstucios.com,http://www.icecream12.com/,서울시 성동구
여성,더윤즈,더윤즈,"윤성아,윤수정",070-8246-0595,younsa0127@naver.com,http://www.theyoons.co.kr/,대구시 남구
여성,어나더제이,어나더제이,남정은,070-8793-7322,cafelove1@hanmial.net,http://www.another-j.com/,대구시 서구
여성,올드미키,올드미키,조두영,1599-4556,,http://www.oldmickey.com/,경기도 부천시
여성,핑크맘,전원시,임은숙,053-635-3395,help@pinkmam.co.kr,http://www.pinkmam.co.kr/,대구시 달서구
여성,모니카룸,모니카룸,이유리,070-7677-4017,dunk4017@naver.com,http://monicaroom.com/,경기도 평택시
여성,금찌,금상첨화,박현영,1544-3896,gumsang94@gmail.com,http://www.gumzzi.co.kr/,서울시 동대문구
여성,원로그,원로그,정삼균,070-4687-7349,,http://wonlog.co.kr/,광주시 광산구
여성,트윈시스,트윈시스,윤지현,02-2267-6707,,http://www.twinsis.co.kr/,서울시 중구
여성,안나리치,블러썸,윤수경,1661-7357,annarich@annarich.co.kr,http://www.annarich.co.kr/,서울시 강남구
여성,러블림,러블림,허예림,031-442-0300,dpfla960830@naver.com,http://www.loverim.com/,경기도 안양시
여성,마담4060,티엔피인터내셔널,탁상철,1544-3617,madam4060@madam4060.com,http://www.madam4060.com/,서울시 강서구
여성,인더모드,더모드,민경민,043-221-4969,chlqo28@naver.com,http://www.in-themode.com/,충북 청주시
여성,매그제이,재키에프엔씨,주석희,1544-3277,,http://www.magjay.com/,서울시 성북구
여성,스모키앨리스,스모키앨리스,오세은,02-412-9349,help@smokyalice.com,http://www.smokyalice.com/,서울시 성북구
여성,페퍼,피앤에프컴퍼니,박명남,1544-3293,,http://www.peper.co.kr/,서울시 광진구
여성,멜티드,멜티드,최빛나,070-7771-0966,meltedcokr@naver.com,http://www.melted.co.kr/,인천시 남동구
여성,하이애니,하이애니,우주연,1800-7903,higheny@naver.com,http://www.high-eny.co.kr/,울산시 중구
여성,렌느,렌느,장민혁,1644-4335,kkinghaha@gmail.com,http://reine.co.kr/,경기 부천시
여성,단순한부띠끄,단순한부띠끄,이미혜,1833-5707,lmy1216@nate.com,http://www.simpleboutique.co.kr/,충북 청주시
여성,빌드,유나이티드디자이너스,정충효,1599-0933,build112@naver.com,http://www.build.co.kr/,서울시 중구
여성,퍼빗,퍼빗,배영주,010-3830-6346,,http://perbit.co.kr/,경기 성남시
여성,45번가,45번가,김하나,02-335-6687,hana1179@hanmail.net,http://www.45th.co.kr/,서울시 강남구
여성,미니뽕,미니뽕,김진우,070-7410-2240,,http://www.minibbong.co.kr/,충북 청주시
여성,고니샵,에밀리진,박상현,1566-6812,help@gonyshop.com,http://www.gonyshop.com/,서울시 강남구
여성,바온,바온,민영서,02-6404-5788,,http://www.ba-on.com/,서울시 서대문구
여성,슬로우앤드,슬로우앤드,김수민,070-7759-1388,slowand@naver.com,http://slowand.com/,서울시 동대문구
여성,리얼마미,리얼팩토리,이은주,1899-1030,ena2240@naver.com,http://www.realmommy.co.kr/,충북 청주시
여성,애수,제이에이에프앤씨,최정애,070-4117-8754,cjddk1016@nate.com,http://www.aesoo.co.kr,인천시 남동구
여성,하이쭈,하이쭈,박성주,070-8790-5573,hi-jjoo@naver.com,http://hijjoo.com/,경기 광주시
여성,쉬즈스토리,쉬즈스토리,김은주,1899-4773,dmswnalsdn@hanmail.net,http://www.shes-story.co.kr/,경기성남시
여성,비피샵,가온에프앤엘,"최성호,차슬기",1566-8061,help@gaonfnl.com,http://bp-shop.co.kr/,서울시 성동구
여성,스타일티바,스타일티바,김완영,1877-8587,styletiba@styletiba.com,http://www.styletiba.com/,경기 고양시
여성,시크드,시크드,이가연,02-400-9558,chicde@naver.com,http://www.chic-de.com/,서울시 송파구
여성,그녀처럼,그녀처럼,박성숙,02-2216-0211,likeher16@naver.com,http://www.likeher.kr/,서울시 동대문구
여성,러빈잇,러빈잇,김미애,1661-4663,,http://www.lovin-it.co.kr/,경기 성남시
여성,금단추,바이미나,백민아,1899-7549,kumdanchoo@naver.com,http://www.goldbutton.co.kr/,경기 용인시
여성,레티첼라,알에이치컴퍼니,하민지,070-7797-0029,reticellainc@gmail.com,http://www.reticella.co.kr/,경기 부천시
여성,마이더스비,내셔널비,정덕현,1544-5751,midas_b@naver.com,http://www.midasb.co.kr/,서울시 성북구
여성,라밤바룸,라밤바룸,김정호,1800-9535,help@labambaroom.com,http://www.labambaroom.com/,대구시 수성구
여성,스타일베리,이니싹,김종대,1661-2535,,http://www.styleberry.co.kr/,서울시 중구
여성,썸데이즈,썸데이즈,"김다영,정한빈",010-9835-4047,,http://ssomedays.com/,서울시 중구
여성,업다운샵,진원씨앤씨,"구자환,설대근",1644-4358,byramibrown@gmail.com,http://updownshop.com/,서울시 동대문구
여성,얀새,제이와이컴퍼니,장명은,1661-0310,heebeen@hanmail.net,http://www.yansae.com/,경기 고양시
여성,쵸퍼,쵸퍼,홍현의,070-4681-3667,gusdml90@naver.com,http://www.choper.kr/,서울시 중구
여성,로즈팩토리,양진,양진,02-2268-8814,dodo39291@naver.com,http://rose-petal.co.kr/,서울시 동대문구
여성,쭈당당,쭈당당,이국주,070-4300-8315,jjoodangdang@naver.com,http://jjoodd.com/,서울시 동대문구
여성,백장만,쓰리케이플레이,강수현,1544-7534,3kplay@naver.com,http://www.100jang.com/,서울시 성북구
여성,라임라이크미,라임라이크미,이미영,1544-8073,,http://www.limelikeme.com/,충북 청주시
여성,906스튜디오,906스튜디오,김동효,070-8830-9006,906studio@naver.com,http://906studio.co.kr/,인천시 남구
여성,세컨에디션,버드앤비,버드앤비,1833-6094,birdandbeemaster@gmail.com,http://www.second-edition.co.kr/,경기 수원시
여성,치즈달,치즈달,김지나,070-7558-5332,,http://www.cheesedal.co.kr/,서울시 마포구
여성,떼오로,떼오로,강혜정,1566-8091,theoro77@naver.com,http://www.theoro.co.kr/,서울시 성동구
여성,더댓,더댓,이보희,02-2278-8223,the_that@naver.com,http://www.thethat.co.kr/,서울시 중구
여성,다크홀릭어나더랭귀지,다크홀릭,"손승연,박진희",070-4687-7352,darkholic_jh@naver.com,http://www.dark-holic.co.kr/,서울시 동대문구
여성,세즈윅,모노토식,강혜란,1833-5268,monotoxic@monotoxic.com,http://www.sezwick.com/,서울시 송파구
여성,셀러비,셀러비,김예지,02-2269-0511,celebee@naver.com,http://celebee.co.kr/,서울시 강남구
여성,럭스위즈,럭스위즈,이정훈,1544-5859,luxwiz@luxwiz.com,http://www.luxwiz.com/,서울시 광진구
여성,아리마,아리마,"한경림,한경재",1661-5307,arima@arima.co.kr,http://www.arima.co.kr/,서울시 성동구
여성,매니매니모드,매니매니모드,유보라,02-2272-9151,manymanymode@naver.com,http://www.manymanymode.com/,서울시 중구
여성,온더플로우,온더플로우,홍영기,070-4001-0729,kisy0729@naver.com,http://onthe-flow.com/,경기 수원시
여성,써니11,써니일레븐,지태란,1544-3140,sunny11com@naver.com,http://www.sunny11.com/,경기 용인시
여성,나이스홍,나이스홍,홍아름,1899-5163,nicehong11@naver.com,http://www.nicehong.com/,서울시 성동구
여성,마스앤크리스,ㅌ\팀그레이프,서승완,070-4367-5997,luna@ysmcorp.com,http://www.masandchris.com/,경기 수원시
여성,커버샷,커버샷,조향미,02-544-1984,covershot2102@gmail.com,http://www.covershot.kr/,서울시 강남구
여성,컴온빈세트,아스트라페,김석영,1644-7483,,http://www.comeonvincent.com/,서울시 강남구
여성,파리앤뉴욕,시연,유시연,1833-6364,paris_0401@naver.com,http://www.paris-newyork.co.kr/,대전시 유성구
여성,헬로우스위티,헬로우스위티,남태욱,1644-0629,hellosweety_@naver.com,http://www.hellosweety.co.kr/,경기도 부천시
여성,도로시와,제이엘아시아,"이맑음,박진기",1600-1355,help@jlasia.kr,http://dorosiwa.co.kr,대전시 중구
여성,다니러브,디엘빈티지디자인,이재근,1661-2239,dlvintage@naver.com,http://www.danilove.co.kr/,서울시 도봉구
여성,소녀레시피,소녀레시피,변찬미,070-5104-7001,ehdrjsxo@hanmail.net,http://recipeofgirl.com/,부산시 북구
여성,모미니크,모미니크,"조나영,문예진",070-7366-9295,mominique@naver.comj,http://mominique.com,부산시 서구
여성,라이크유,라이크유,정유경,070-7783-9789,jungyookyung@naver.com,http://like-you.kr/,경기 의정부시
여성,시부야,버진로드,김철기,02-3142-4849,,http://www.sibuya.co.kr/,서울시 영등포구
여성,프롬데이원,프롬데이원,이정원,1522-1848,fromdayone@nate.com,http://www.fromdayone.co.kr/,서울시 강북구
여성,밀코이,밀코이,이은정,02-2632-8176,milcoi@naver.com,http://www.milcoi.co.kr/,서울시 영등포구
여성,뮬리안,캣츠팩토리,신보현,1688-8177,,http://www.moulian.com/,서울시 성동구
여성,바이로그인,라일론,정지호,070-4362-4014,bylogin@bylogin.co.kr,http://www.bylogin.co.kr/,서울시 중구
여성,르앤제이,엔제이컴퍼니,염채정,070-4616-7405,en@niponjjuya.com,http://www.leandj.com/,인천시 서구
여성,블링샵,디디컴퍼니,박정민,1833-5463,thnight@naver.com,http://www.blingshop.co.kr,경기 의정부시
여성,피치피크닉,피치피크닉,우혜선,02-6479-9881,oohshs@naver.com,http://www.peachpicnic.com/,서울시 동대문구
여성,진스톡,진스톡,김진영,042-826-7954,,http://www.jinstok.com/,대전시 대덕구
여성,퍼플,퍼플,정윤원,1599-6619,baboarmy@naver.com,http://pur-ple.co.kr/,대구시 수성구
여성,이란지,명지,이유리,1644-2379,yuri@eranzi.co.kr,http://www.eranzi.co.kr/,서울시 중구
여성,아스피린,아스피린,송혜린,070-8818-1419,ahspirin@naver.com,http://ahspirin.com/,서울시 마포구
여성,오렌지플라워,오렌지플라워,김하연,02-3448-4005,hy7931@nate.com,http://www.orange-flower.co.kr/,서울시 강남구
여성,멜로즈무드,멜로즈무드,이효정,1833-8101,melrose_mood@naver.com,http://www.melrosemood.com/,충북 청주시
여성,예삐모드,예삐모드,김예진,1688-0149,52daisy@naver.com,http://yeah-b.com/,서울시 강남구
여성,보엔,비엔에프지,김보람,1544-1139,boramkim79@nate.com,http://www.boen.co.kr/,서울시 강남구
여성,나는마리,나는마리,최지숙,1670-6073,iammari1@cafe24mail.com,http://iammari.com/,서울시 중구
여성,루노,루노,김성미,02-2677-5837,runo99@hotmail.com,http://www.runo.co.kr/,서울시 영등포구
여성,코메스타,코메스타,윤주영,070-4312-2244,,http://www.comesta.co/,서울시 강동구
여성,매니모어,매니모어,임성은,070-4208-6050,,http://www.manymore.co.kr/,대구시 북구
여성,에이미우,에이미우,최윤정,070-8281-7217,jjongjjong27@naver.com,http://www.a-miu.com/,경기도 용인시
여성,마랑블루,마랑블루,최현정,070-4820-5444,marantblue@naver.com,http://www.marantblue.com/,경기도 고양시
여성,체리빌레,애플클로젯,엄동관,02-3394-9994,cherryvile@nate.com,http://www.cherryville.co.kr/,서울시 중구
여성,걸즈비,걸즈비,서지원,1544-6736,,http://www.girlz-b.com/,서울시 강남구
여성,팜므뮤즈,팜므뮤즈,"이용구,김현진",070-4177-9711,,http://femmemuse.co.kr/,서울시 마포구
여성,더옷장,더옷장,정덕하,1644-5388,theozzang@naver.com,http://www.theozzang.com/,서울시 동대문구
여성,쉬비치,쉬비치,김선호,1899-5153,john@shebeach.co.kr,http://shebeach.co.kr/,서울시 성북구
여성,THE XXXY,더엑스,"이하민,강민수",070-7680-5937,a1stn985@gmail.com,http://thexxxy.com/,서울시 성북구
여성,빛다,빛다,최지나,070-8113-9144,bitda_com@naver.com,http://www.bit-da.com/,인천시 중구
여성,오제이럭셔리,오희,오재희,02-780-8107,ojluxury@ojluxury.com,http://www.ojluxury.com/,서울시 영등포구
여성,바이윰,바이윰,김영주,043-224-0137,klysjw@naver.com,http://www.byyoom.co.kr/,충북 청주시
여성,빈블,빈블,권수빈,070-8834-4405,miniviny@naver.com,http://vinvle.com/,서울시 금천구
여성,쿠치마치,쿠치마치,임나영,070-8682-9747,kuchimachi@naver.com,http://www.kuchimachi.com/,서울시 영등포구
여성,애니사이즈,아이앤아이,곽선일,1544-3420,help@ladyplus.co.kr,http://www.ladyplus.co.kr/,경기도 의정부시
여성,플랫80,플랫에이티,윤주연,070-8888-6582,flat80b@gmail.com,http://www.xn--80-i38in48g.com/,서울시 종로구
여성,블랙더핏,블랙더핏,이주영,070-4603-3157,blackthefit@gmail.com,http://blackthefit.com/,서울시 중구
여성,썸머웨어,썸머웨어,정정민,02-6225-5549,scarett75@hotmail.com,http://www.summerwear.co.kr/,서울시 종로구
여성,워킹코코,제이투컴퍼니,이진아,1544-0136,walkingcoco@naver.com,http://www.walkingcoco.co.kr/,충북 청주시
여성,마담브리,더브리,구유경,070-4801-6800,bree@thebree.co.kr,http://www.madamebree.com/,서울시 강남구
여성,데이엘,오영에프엔비,김금남,1522-7750,dayel_kr@naver.com,http://www.dayel.kr/,서울시 성동구
여성,베이지뷰,쏨니아,김소영,1588-9250,mayas00@somnia.co.kr,http://www.beigeview.co.kr/,서울시 종로구
여성,비비드플랜,비비드플랜,채윤진,1544-3037,vividplan12@naver.com,http://vividplan.co.kr/,대구시 동구
여성,쓰리템포,걸스템포,조수련,1600-4863,3tempo@naver.com,http://www.3tempo.co.kr/,인천시 계양구
여성,더잠,마움프로젝트,홍유리,02-1661-8229,thezam@maumproject.com,http://www.thezam.co.kr/,서울시 마포구
여성,엔비룩,이스트나인,조동구,1877-6422,zzve@zzve.com,http://www.envylook.com/,서울시 동대문구
여성,퍼스트제이,퍼스트제이,박정화,070-7709-7780,beginning@naver.com,http://www.firstj.co.kr/,부산시 남구
여성,인메리제이,인메리,최지영,070-4521-7566,ll8787lll@naver.com,http://inmaryj.co.kr/,경북 구미시
여성,업클로젯,업클로젯,장윤우,070-7786-3331,,http://www.up-closet.com/,경기도 고양시
여성,이프걸,아이러브이프걸,김미화,053-744-9223,,http://www.ifgirl.co.kr/,대구시 수성구
여성,하이블로거,나나엔컴퍼니,김애다,1661-8557,ribboninfo@naver.com,http://www.hiblogger.co.kr/,서울시 종로구
여성,헤이즐모드,헤이즐,최선철,010-7166-4668,haselnuss04@naver.com,http://haselmode.co.kr/,서울시 영등포구
여성,마돌,마돌,마현미,1661-5854,madol5854@naver.com,http://www.madol.kr/,광주시 광산구
여성,길동상사,하길동아이엔씨,하재원,070-7788-2242,gdsangsa@naver.com,http://gildongsangsa.com/,경기도 고양시
여성,미스캔디,미스캔디,김인철,1666-3402,misscandy.co.kr@gmail.com,http://www.misscandy.co.kr/,서울시 용산구
여성,스타일바이얌,바이얌,방선희,02-1661-1097,p1k7m@daum.net,http://www.stylebyyam.com/,서울시 성동구
여성,원파운드,지훈송민컴퍼니,이지훈,070-8863-2323,freeis111@naver.com,http://onepound.kr/,서울시 용산구
여성,에스더스타일,창대지앤씨,김경래,02-2253-0368,khy800403@hanmail.net,http://www.esther-st.co.kr/,서울시 중구
여성,쏘머치,쏘머치,최은철,1577-4369,ssomuch1118@naver.com,http://www.ssomuch.com/,경기도 화성시
여성,언버튼,언버튼,손강석,1544-6278,unbutton@unbutton.co.kr,http://www.unbutton.co.kr/,서울시 중구
여성,살롱엘,살롱엘,권은진,1800-5761,salonl_@naver.com,http://www.salonl.co.kr/,충북 청주시
여성,카렌제이,카렌제이,박지혜,070-8771-0927,karenj0301@gmail.com,http://www.karen-j.co.kr/,서울시 강남구
여성,아마이,아마이,황혜영,1599-5330,amai79@naver.com,http://www.amai.co.kr/,서울시 동대문구
여성,민짱나라,민짱나라,박정민,02-980-7457,minzzang7457@naver.com,http://www.minzzang.co.kr/,서울시 강북구
여성,나인그랩,나인그랩,헌정환,070-7582-6492,9_grab@naver.com,http://www.9grab.com/,서울시 중구
여성,러브미우,미우,정진희,051-319-6489,jinhee4912@naver.com,http://luvmiu.com/,부산시 사상구
여성,와니와니,와니와니,김인경,1599-3074,rladlsrudrh@naver.com,http://www.waniwani.co.kr/,경기도 수원시
여성,헬로시스터,피앤비닷컴,김광열,1688-6854,pnb333@naver.com,http://www.hello-sister.co.kr/,서울시 중구
여성,루디아스토리,루디아스토리,최용선,070-8750-9900,rudia76@naver.com,http://www.rudiastory.co.kr/,인천시 남동구
여성,핫텐,핫텐,신수정,070-8111-0841,hot_10@naver.com,http://hot-10.com/,서울시 도봉구
여성,다락방고양이,다락방고양이,지경희,070-7776-5028,displayer200@nate.com,http://www.dalakbangcat.com/,서울시 도봉구
여성,파인땡큐,수림애프앤씨,유수민,1899-5220,finethankyou01@hanmail.net,http://www.fine-thankyou.com/,서울시 성북구
여성,코코호야,코코호야,이은하,070-4687-8118,cocohoyaa@naver.com,http://www.cocohoya.com/,충북 천안시
여성,어리틀빗,어리틀빗,이주영,02-942-6402,,http://www.alittle-b.com/,서울시 성북구
여성,에피스걸,에피스제이,이강복,1661-7740,epicegirls@naver.com,http://www.epicegirls.com/,경기도 김포시
여성,7일간의 휴가,세븐벨리,정재훈,1800-7161,7v@7v.co.kr,http://www.7v.co.kr/,서울시 금천구
여성,파스텔타임,파스텔타임,"심지은,김유정",02-902-3006,pasteltime@naver.com,http://pasteltime.co.kr/,서울시 성동구
여성,제이콜링,제이콜링,이인희,070-7535-0141,mygogon@naver.com,http://www.j-calling.com/,대전시 서구
여성,에브리모닝,에브리모닝,장다영,070-7424-3737,morning890@naver.com,http://www.everymorning.co.kr/,서울시 동대문구
여성,인더유니,인더유니,윤혜진,070-4205-0082,intheuni@naver.com,http://www.inthe-uni.com/,충남 천안시
여성,룩앳민,룩앳민,강경민,070-8883-2548,number1km@naver.com,http://www.lookatmin.com/,전남 순천시
여성,핑크로켓,,,,,http://www.pink-rocket.com/,
여성,핑크팬더샵,핀크핸더샵,조철근,070-7522-5008,,http://www.pink-panther.co.kr,서울시 동대문구
여성,루서인,루서인컴퍼니,윤서인,1544-4798,happy@rooseoin.co.kr,http://rooseoin.com/,서울시 송파구
여성,마크막스,마크막스,김현모,1522-6613,eos9721@lycos.co.kr,http://www.makmaks.com/,부산시 동구
여성,루체아,다원,손원자,1899-3374,kkg12091@naver.com,http://www.luchea.com/,경기도 의왕시
여성,더모드,더모드,김수정,070-4202-5331,modemake@naver.com,http://www.themode.kr/,서울시 서대문구
여성,트렌디어패럴,트렌디어패럴,김민주,070-8777-1688,koreanair_mj@naver.com,http://www.trendy-apparel.co.kr/,광주시남구
여성,고로케샵,허브앤허브,여현진,070-4466-6818,help@goroke.co.kr,http://www.goroke.co.kr/,서울시 은평구
여성,갱스샵,갱스샵,백명신,070-7780-9255,dmswl434@hanmail.net,http://gaengs.co.kr/,경기도 의정부시
여성,스프링콤마,스프링콤마,유수진,070-8107-9692,,http://springcomma.com/,충북 청주시
여성,갓블레스유,블레스스토리,오인경,02-352-1050,simterdanbee@naver.com,http://www.gbyshop.com/,서울시 마포구
여성,시크라인,지엔아이컴퍼니,채건일,,게시판,http://www.chic-line.com/,서울시 성동구
여성,나롱쥐,코코홀딩스,조리현,02-482-1442,nalongg@naver.com,http://www.nalongg.com/,서울시 강동구
여성,유메이,유메이,유보화,070-4331-8771,youmaystory@naver.com,http://www.yoomay.co.kr/,경기도 수원시
여성,제시믹스,마케팅플래닛,강민준,1661-2811,lsy122@mkplanet.co.kr,http://www.xexymix.com/,서울시 강남구
여성,아이엠유리,아이엠유리,남갑순,1544-5883,,http://www.iamyuri.com/,서울시 마포구
여성,레드오핀,팀그레이프,서승완,1600-2967,redopin@redopin.com,http://www.redopin.co.kr/,서울시 강남구
여성,미건스타일,메이플컴퍼니,김기옥,1588-7308,k615745@naver.com,http://www.migunstyle.com/,경기도 부천시
여성,꼰에야,글로벌콘,김민서,070-8223-1112,conella_k@naver.com,http://conella.co.kr/,서울시 송파구/속옷
여성,위드모먼트,위드모먼트,정은혜,070-4288-8877,withmoment_@naver.com,http://withmoment.co.kr/,서울시 종로구
여성,멜팅블루,멜팅블루,"이가람,김화정",02-2234-2232,meltingblue_co_kr@naver.com,http://meltingblue.co.kr/,서울시 성북구
여성,엽스샵,연스샵,강지연,02-2208-0529,shuang05299@nate.com,http://yeonsshop.com,서울시 광진구
여성,딘트스타일,딘트,신수진,1600-3178,d_i_n_t@naver.com,http://www.dintstyle.com/,서울시 금천구
여성,케이트룸,에스에스케이무역,심승규,1666-6459,kateroom01@naver.com,http://www.kateroom.co.kr/,경기도 안양시
여성,말랑루즈,말랑루즈,김은진,1661-9117,marlangrouge@naver.com,http://www.marlangrouge.com/,서울시 강남구
여성,더제인,더제인,장은영,031-996-8155,,http://www.thejane.co.kr/,경기도 김포시
여성,러브하니,러브하니,임소영,1899-0309,lovehany79@naver.com,http://www.lovehany.com/,대전시 서구
여성,클로젯미,클로젯미,김아빈,070-4208-4432,,http://myclosetme.com/,경기 의정부시
여성,뽕브라몰,,,,,https://www.bbongbra.co.kr/,
여성,슈가펀,더에스펀,여운철,02-2281-2035,thesfun@naver.com,http://www.sugarfun.co.kr/,서울시 성동구
여성,온더리버,온더리버,이호정,1666-5259,on_the_river@naver.com,http://www.ontheriver.co.kr/,서울시 중랑구
여성,스위트글램,비앤코,이민우,1522-1966,sweet-glam@naver.com,http://www.sweetglam.co.kr/,서울시 성동구
여성,얼큰공주,얼큰공주,노보라,070-8818-4924,helpburnbora@naver.com,http://www.ulqngongju.co.kr/,경기도 부천시
여성,데이빈,데이빈,나유빈,070-8908-6498,nnhb@nate.com,http://www.daybin.co.kr/,경기도 부천시
여성,코즈믹레이,코즈믹레이,최미영,070-7612-6325,cosmicray0306@nate.com,http://www.cosmicray.co.kr/,서울시 동대문구
여성,아이엠쓰리,에스와이제이,김소영,1522-9782,minhun91@naver.com,http://im3.co.kr/,서울시 금천구
여성,코발트빈,코발트빈,이예슬,010-9574-7722,,http://www.cobaltvin.co.kr/,경기도 용인시
여성,애플라떼,삼희,지현경,02-6235-6236,apple@applelatee.com,http://www.applelatte.com/,서울시 중랑구
여성,깜장오리,깜장오리,김주연,1877-1513,kkjoli@naver.com,http://www.깜장오리.com/,대구시 수성구
여성,더까루,더까루,한경민,02-2212-1253,thekkaroo@naver.com,http://www.thekkaroo.com/,서울시 동대문구
여성,걸스데일리,타임어택,한중희,1566-4596,girlsdaily2@naver.com,http://www.girlsdaily.co.kr,대구시 달서구
여성,문달,문달,,032-508-7004,,http://www.moondal.com/,인천시 부평구
여성,엘걸,엘걸,장재영,02-766-1566,lgirl1217@naver.com,http://www.lgirl.co.kr/,서울시 성북구
여성,해피마망,해피마망,임시현,1522-0455,aaaa0617@nate.com,http://www.happymaman.co.kr/,충북 청주시
여성,샵엠,샵엠,,02-6295-7730,shopm20140101@gmail.com,http://www.shopm.kr/,서울시 용산구
여성,여왕거미,여왕거미,이민정,1688-9358,etda23@nate.com,http://www.queenspider.com/,서울시 성동구
여성,핑크시크릿,피에스인터네셔널,박현선,070-8247-3628,sun5358@daum.net,http://www.pinksecret.co.kr/,서울시 서초구
여성,러블리쌤,러블리썸,이유경,1688-7573,,http://www.lovelyssam.com/,경기도 수원시
여성,블랑조,미스조,조서연,1588-6613,blanjokorea@gmail.com,http://blancjo.com/,경기도 하남시
여성,바비앤펌킨,바펌코리아,김소희,1661-7605,bapunk@naver.com,http://www.babinpumkin.com/,서울시 동대문구
여성,허그와이,퀸즈 에프엔씨,최선동,02-794-0583,hugwhycom@naver.com,http://www.hugwhy.com/,서울시 중구
여성,리지랄닷컴,엘제이알,이진화,1599-7872,leejiral@hotmail.com,http://www.leejiral.com/,서울시 용산구
여성,마담그레이스,그레이스,김예진,1577-0639,madamgrace@naver.com,http://www.madamgrace.com/,서울시 종로구
여성,샤인아웃,샤인어패럴,서희숙,070-4148-9197,shine-out@naver.com,http://shine-out.com/,서울시 동대문구
여성,쉬즈데이,후아 커뮤니케이션,이선형,02-452-3740,shesday@gmail.com,http://www.shesday.com/,서울시 송파구
여성,세컨드플레이스,세컨드플레이스,김준후,070-8946-1812,wmsgn337@naver.com,http://secondplace.kr/,경기도 용인시
여성,해피텐,해피텐,함지훈,1644-1067,help@happy10.co.kr,http://www.happy10.co.kr/,서울시 성북구
여성,나크21,엔케이,윤명애,1644-2288,,http://www.nak21.com/,경기도 양주시
여성,컬러풀'DNA',컬러풀디앤에이,윤지현,02-953-4337,colorfuldna@gmail.com,http://www.colorfuldna.com/,서울시 중구
여성,나나진,나나진,이나나,051-747-8295,manager@nanajean.co.kr,http://www.nanajean.co.kr/,부산시 해운대구
여성,유니크비,유니크비,안연주,1688-1416,uniqueb2@naver.com,http://www.uniqueb.co.kr/,경기도 군포시
여성,강자매,강자매,강노을,02-6404-4544,dmfdl1234@naver.com,http://kangsister.com/,부산시 사하구
여성,알로하클로젯,알로하 클로젯,김아영,010-90307645,,http://www.alohacloset.co.kr/,서울시 양천구
여성,미나그램,더라벨,최기민,1644-3262,mina-gram@naver.com,http://www.mina-gram.com/,서울시 동대문구
여성,피그먼트,케이컴퍼니,김남일,070-4849-2731,help@pigment.co.kr,http://pigment.co.kr/,서울시 성동구
여성,드푸앙,드푸앙,황세현,070-8811-7187,,http://www.depuang.co.kr/,경기도 고양시
여성,파라노말샵,파라노말샵,양혜경,1688-8676,paranormalmd@naver.com,http://www.paranormal.co.kr/,경기도 고양시
여성,노란옷장,노란옷장,"오윤환,오은정",042-221-4949,,http://www.noran-otjang.co.kr/,대전시 중구
여성,미샵,미샵컴ㅂ퍼니,"이영미,박형준",1670-7335,miyajang@naver.com,http://www.misharp.co.kr/,대구시 남구
여성,바이선,바이선,이정환,070-8699-2687,bysuncom@gmail.com,http://www.by-sun.com/,서울시 성동구
여성,썸걸,썸걸,이정민,1644-9554,help@sumgirl.co.kr,http://sumgirl.co.kr/,인천시 부평구
여성,인더모먼트,인더모먼트,"권희수,권현수",070-8860-2978,inthemoment_@naver.com,http://inthe-moment.co.kr/,서울시 종로구
여성,더코코,더코코,이민진,1833-5507,theshopper@naver.com,http://www.thecocomj.co.kr/,서울시 서초구
여성,민지콩,민지콩,김민지,1522-1219,minjikkkim@naver.com,http://mjcong.co.kr/,경기도 안산시
여성,리네아스토리아,리네아스토리아,무라지 준페이,02-488-4228,info@linea-storia.co.kr,http://linea-storia.co.kr/,서울시 강동구
여성,살롱드바이미,살롱드바이미,박신혜,032-207-0556,,http://www.byme.co.kr/,인천시 남동구
여성,에이미파크,에이미파크,"인하영,인하현",02-1688-0733,amypark7@naver.com,http://www.amypark.co.kr/,서울시 강남구
여성,에이와비,에이와비,최병호,070-7377-8679,,http://www.awab.co.kr,인천시 계양구
여성,베베체,아로샵,김승현,070-7630-0900,aro_shop@naver.com,http://bebeche.com/,경기도 고양시
여성,하바나선데이,뉴봄,이종석,1544-9617,support@havanasunday.com,http://www.havanasunday.com/,서울시 성동구
여성,마이클라씨,디제이2,윤미소,1599-8101,myclassy@naver.com,http://myclassy.co.kr/,경기도 고양시
여성,바이듀,바이듀,김재은,02-543-0301,bydeux@naver.com,http://www.bydeux.com/,서울시 서초구
여성,느낌있는댄서,느낌있는댄서,정소미,010-8708-0058,itdancer@naver.com,http://www.itdancer.com/,서울시 마포구
여성,제이미라운지,제이미라운지,전미주,070-4113-0041,,http://www.jmelounge.com/,서울시 종로구
여성,플랜제이,프랜제이스타일,정재욱,1577-3273,zerghwasin@nate.com,http://www.planj.co.kr/,서울시 동대문구
여성,오픈잇히어,오픈잇히어,홍민정,070-8229-9144,opihr@naver.com,http://openithere.com/,충남 천안시
여성,엘리시아,엘리시아,박희자,1577-5070,elysia206@hanmail.net,http://www.ely-sia.net/,경기도 성남시
여성,리리앤코,지앤미,김수련,1899-6289,gnmi2812@hanmail.net,http://ririnco.com/,부산시 부산진구
여성,투게더위드미,투게더위드미,투게더위드미,010-6664-7414,mshyeon129@naver.com,http://cafe.naver.com/withmeeee,경기도 성남시
여성,봉쥬르레이디,봉쥬르레이디,김진호,1544-4559,link30504@naver.com,http://www.bonjourlady.com/,서울시 중구
여성,플라이엠,플라이엠,우은제,010-3413-7123,madeflym@naver.com,http://www.flym.kr/,경기도 안양시
여성,더알로,더알로,김현수,070-8292-1180,theallo@naver.com,http://www.theallo.co.kr/,광주시 광산구
여성,녕이옷장,녕이옷장,황선영,070-8959-0611,sy950114@naver.com,http://nyeong-closet.com/,경기도 시흥시
여성,봉주르프로젝트,봉주르프로젝트,박은정,070-7556-4983,3458mul@naver.com,http://bonjourproject.kr/,광주시 북구
여성,달트,달트,문소연,070-4208-1001,daltt_@naver.com,http://www.daltt.co.kr/,인천시 부평구
여성,설탕공장,설탕공장,김영삼,1661-1641,help@sultang.co.k,http://www.sultang.co.kr/,서울시 성동구
여성,귤팩토리,,,,,https://gyul-factory.com/,
여성,서울여자,서울여자,김광연,1899-1645,seoulgirl0312@naver.com,http://www.seoul-w.com/,서울시 성북구
여성,센츠샵,센츠샵,김지민,1599-7848,centsshop@naver.com,http://www.centsshop.com/,경기도 이천시
여성,인스타일핏,핏,남상욱,1899-0297,instylefit@naver.com,http://www.instylefit.com/,서울시 관악구
여성,이뻐2%,제이엠탑,조대호,1544-9593,2_per@hanmail.net,http://2per.co.kr/,경기도 시흥시
여성,레이디미미,레이디미미,이현정,1899-9845,by-ladymimi.com,http://www.by-ladymimi.com/,경기도 용인시
여성,고고비치,탑앤탑,정혜진,02-442-3545,gogobeach33@nate.com,http://www.gogobeach.co.kr/,경기도 남양주시
여성,아포에스토,아포에스토,조혜순,070-7766-0830,apuesto1@naver.com,http://www.apuesto.co.kr/,서울시 강남구
여성,아름다운174,아름다운174,강수현,070-4687-7260,3kplay@naver.com,http://www.174.co.kr/,서울시 성동구
여성,더제이수,더제이수,송수연,070-7792-0123,the_jsoo@naver.com,http://thejsoo.com/,경남 김해시
여성,비키니밴더,피디씨컴퍼니,박동철,1899-8775,pdccompany@naver.com,http://www.vikinivender.com/,서울시 성동구
여성,선데이업,선데이업,김대현,070-8834-7806,eogusdl737@naver.com,http://sundayup.co.kr/,경기도 시흥시
여성,포니지엔느,포니지앤느,박현선,1661-4677,,http://www.ponyzn.com/,서울시 마포구
여성,무무,무무,성상희,053-626-2822,ttl2925133232@nate.com,http://www.mu-mu.co.kr/,대구시 남구
여성,블로거복,블로거복,복미주,070-8263-3508,bloggerbok@naver.com,http://bloggerbok.co.kr/,경기도 남양주시
여성,무즈,,,,,http://www.moods.co.kr/,
여성,아띠스토리,아띠스토리,오혜인,02-358-7774,attystory@naver.com,http://www.attystory.com/,서울시 은평구
여성,호두스토리,위즈앤컴퍼니,최형욱,1688-6496,hodoostory@naver.com,http://www.hodoostory.com/,서울시 은평구
여성,여니샵,여니샵,하연희,070-8844-6818,dusltiq1@naver.com,http://dusltiq.com/,서울시 구로구
여성,황바비,황바비,황지민,02-943-0505,,http://www.hwangbarbie.com/,서울시 성북구
여성,딸기쨈프로젝트,딸기쨈프로젝트,홍경민,070-8654-6533,aso02@naver.com,http://www.dalkijam.net/,서울시 강동구
여성,윙스걸,윙스,배상덕,1899-0422,cs@wingsmall.co.kr,http://www.wingsgirl.co.kr/,서울시 동대문구
여성,더시티샵,더시티샵,남성선,02-522-7414,sungsunnam@gmail.com,http://www.thecityshop.co.kr/,서울시 강남구
여성,모어모먼트,모어모먼트,이세훈,070-4204-6646,more-moment@naver.com,http://moremoment.com/,서울시 서초구
여성,코코엠,코코엠,조승연,070-8252-6607,cocom1229@naver.com,http://coco-m.co.kr/,서울시 강남구
여성,소녀본능,핑크래빗,유이안,042-826-8808,pinkrabbit177@naver.com,http://www.girlbn.com/,대전시 유성구
여성,나비앙,나비앙,김명희,070-8844-6830,nabiang2009@naver.com,http://www.nabiang.com/,부산시 동구
여성,페미니크,페미니크,"김새미,최경진",1588-8340,feminique@hotmail.com,http://www.feminique.kr/,서울시 강남구
여성,비바데일리,비바컴퍼니,"민경준,김다예",070-8888-8892,vivadaily@hanmail.net,http://www.vivadaily.co.kr/,서울시 동작
여성,메종드노리타,드노리타,박관식,1588-1098,,http://www.masion-de-nolita.co.kr/,부산시 금정구
여성,아모멘토,아모멘토,"이미경,이명수",070-7121-2689,amoment012@gmail.com,http://amomento.kr/,서울시 종로구
여성,그레이룸,그레이룸,주가영,070-4107-1993,,http://www.grayroom.co.kr/,대전시 유성구
여성,모스빈,피피비스튜디오,유주형,070-4711-7527,mossbean@ppbstudios.com,http://www.mossbean.com/,서울시 성동구
여성,썸데이이프,썸데이이프,문현민,1800-7430,someday_if@naver.com,http://www.somedayif.com/,서울시 중구
여성,오픈시크릿,오픈시크릿,한송이,1544-2168,,http://www.opensecret.kr/,경기도 안산시
여성,유유존,유유존,이승호,031-908-2501,leeseungho9@hanmail.net,http://www.uuzone.co.kr/,경기도 고양시
여성,투엔티투,투엔티투,이혜미,070-8688-7354,hml0904@naver.com,http://twentytwo.co.kr/,경기도 수원시
여성,영희언니,영희언니,이영희,070-8153-0113,02sister.com@daum.net,http://02sister.com/,경기도 의정부시
여성,애즈핏,디에이어패럴,김도희,1670-4451,help@as-fit.co.kr,http://www.as-fit.co.kr/,서울시 동대문구
여성,제이탐탐,제이탐탐,김효진,070-8291-6667,jtamtam@naver.com,http://www.jtamtam.co.kr/,경기도 부천시
여성,꽃피는시절,꽃피는시절,김수정,031-509-4482,orge13@naver.com,http://www.theflowerseason.com/shop/main/index.php,경기도 시흥시
여성,로코보니타,로코보니타,주예진,02-2038-0288,locobonita@naver.com,http://locobonita.com/,서울시 성동구
여성,후즈걸,에스제이홀딩스,노상준,02-6092-1886,help@whosgirl.co.kr,http://www.whosgirl.co.kr/,서울시 양천구
여성,로모샵,로모샵,최건진,1670-3460,gks0904@naver.com,http://lomoshop.kr/,서울시 중랑구
여성,에드모어,에드모어,박정은,070-4142-1415,add_more@naver.com,http://addmore.co.kr/,충북 청주시
여성,보니샵,보니샵,권윤희,070-7666-7184,cs@bonnieshop.co.kr,http://bonnieshop.co.kr/,서울시 용산구
여성,럭키블리,럭키블리,임민희,070-8613-8381,alswl8382@hanmail.net,http://luckybly.com/,서울시 도봉구
여성,인더어반즈,인더어반즈,박순정,043-221-3724,in the_urbanz@naver.com,http://www.inthe-urbanz.co.kr/,충북 청주시
여성,삐뽕언니,삐뽕언니,문성우,070-8623-3086,swej0702@naver.com,http://www.bbibbongunni.com/,부산시 수영구
여성,홀리아,홀리아,이유경,1644-2628,holia@hanmail.net,http://www.holia.co.kr/,청주시 서원구
여성,마르헨브리즈,마르헨브리즈,고미혜,070-7584-8400,marhenbreeze@naver.com,http://www.marhenbreeze.com/,서울시 마포구
여성,승아샵,승아샵,권승아,063-229-3121,peoh1022@naver.com,http://www.seungashop.com/,전북 전주시
여성,지지배지롱,지지베지롱,이계훈,02-1588-4317,leesee7@nate.com,http://www.zizibezirong.com/,서울시 동대문구
여성,헤이요,에이치아이에스피,홍성필,1544-9768,hpcross@hotmail. Com,http://www.heyo.co.kr/,서울시 종로구
여성,루 시다,성의통상,장혜진,1588-8280,help@lusida.co.kr,http://www.lusida.co.kr/,서울시 종로구
여성,버블앤시크,버블앤시크,채영서,1588-1255,ywchae@bubbleandchic.co.kr,http://www.bubbleandchic.co.kr/,서울시 강남구
여성,인더클로젯,인더클로젯,권미진,02-2245-1253,kmjkms8154@naver.com,http://inthecloset.kr/,서울시 성북구
여성,지인스타일,지인스타일,안태용,1666-1422,chldbwls66@hanmail.net,http://www.jiinstyle.com/,대구시 동구
여성,바니앤버니,바니앤바니,박상철,033-733-0329,scmw0329@naver.com,http://bonnyandbunny.com/,강원도 원주시
여성,통큰걸,통큰걸,백재환,070-4108-4545,paikcan@gmail.com,http://www.tongkeungirl.com/,인천시 서구
여성,썸무드,썸무드,서지현,070-7792-7697,somemood@naver.com,http://www.somemood.co.kr/,서울시 광진구
여성,그루밍노트,그루밍노트,오서형,02-6013-8777,,http://groomingnote.com/,서울시 동대문구
여성,코코스토리,코코스토리,노성종,02-303-1907,cocostory85@naver.com,http://www.cocostory.co.kr/,서울시 서대문구
여성,핑크라벨,핑크라벨,이재희,1666-9883,leejee8989@naver.com,http://www.pinklabel.biz/,대구시 수성구
여성,모노톤,모노,송승용,062-224-1644,sa1657@naver.com,http://www.a-monotone.com/,광주시 동구
여성,드클로즈,클로즈,김현정,070-7623-8483,declose@naver.com,http://declose.co.kr/,충남 천안시
여성,에이봄,에이봄,김규빈,02-6677-5070,abomkorea@naver.com,http://www.abom.co.kr/,서울시 동대문구
여성,커벳,커벳,백지은,070-4797-8792,curvet_@naver.com,http://curvet.co.kr/,서울시 용산구
여성,유니팝콘,유니팝콘,곽경민,02-6406-5969,unipopcorn@naver.com,http://unipopcorn.com/,서울시 마포구
여성,어페리피트,어패리피트,강혜연,070-8899-2187,afairyfit@naver.com,http://afairyfit.com/,서울시 강서구
여성,수달쌀롱,수달쌀롱,오소영,02-988-9218,soyeongoh12@naver.com,http://www.sudalsalon.co.kr/,서울시 성동구
여성,비키비키,웨이브썸,김성곤,070-5089-5335,laswatf32@naver.com,http://www.bikibiki.co.kr/,경남 창원시
여성,언더더토,언더더토,조유라,070-7531-1642,,http://underthetoe.com/,서울시 영등포구
여성,더듀,더듀,추란,02-2231-7135,maisonderary@naver.com,http://www.thedew.co.kr/,서울시 동대문구
여성,샤마르,요비,이재룡,070-4148-5540,chamars@naver.com,http://www.chamar.co.kr/,서울시 성북구
여성,올데이유,올데이유,신지혜,070-8263-8262,ponetponet@naver.com,http://www.alldayu.com/,인천시 부평구
여성,어라운드101,아이제이,변인재,02-1588-4957,master@around101.com,http://around101.com/,서울시 성동구
여성,더달콤,파라컴퍼니,김다정,010-2486-3051,tidizk@naver.com,http://www.thedalkom.co.kr/,서울시 종로구
여성,쿠키마루,쿠키마루,김용호,02-996-6080,sagahplus@naver.com,http://www.cookiemaru.kr/,서울시 도봉구
여성,라라엘,도영에프엔비,김금남,1544-2893,lalaelstory@naver.com,http://www.lalael.com/,서울시 성동구
여성,끌로드마농,스타일온미,김성염,1588-0566,manon@styleonme.com,http://www.chlodmanon.com/,서울시 중구
여성,하이디바,하이디바,이성주,1899-4356,,http://hi-diva.com/,서울시 강남구
여성,드레스업,드레스업,임다희,070-7764-1711,,http://www.dressupp.net/,충북 청주시
여성,디어시크,디어시크,조누리나,010-6410-6444,nuleena@gmail.com,http://www.dearchic.com/,서울시 강남구
여성,블랙얼반,블랙얼반,김세연,1566-9180,specialyoy@naver.com,http://www.blackurban.co.kr/,서울시 동대문구
여성,파인드에이치,파인드에이치,김효진,070-7677-0415,alssnf@naver.com,http://find-h.co.kr/,경기도 용인시
여성,댄스걸,댄스걸,박현숙,070-8989-3662,a7989546@naver.com,http://www.dancegirl.co.kr/,서울시 강남구
여성,스윗트윈,스윗트윈,이채원,070-8802-8884,sweetwin_@naver.com,http://sweetwin.co.kr/,경기도 고양시
여성,데이오프,데이오프,배찬현,070-7629-8881,,http://m.d-off.co.kr/,대구시 중구
여성,메이비누스,메이비누스,문혜원,070-8745-5610,mabnous@naver.com,http://maybnous.com/,서울시 양천구
여성,더위시,더위시,한소담,070-8152-1192,hansodam01@naver.com,http://www.the-wish.co.kr/,서울시 강남구
여성,빅앤빅,빅앤빅,"이재열,이영진",070-4048-3333,bignbig_co@naver.com,http://www.bignbig.com/,경기도 파주시
여성,여름아,유엔아이즈,조태성,02-2253-3445,yeoreuma@naver.com,http://www.yeoreuma.com/,서울시 중구
여성,토리샵,토리샵,차가은,070-4624-7640,torinyou@naver.com,http://torishop.co.kr/,서울시 용산구
여성,나무그림,나무다움,전수정,1599-7386,help@na-m.co.kr,http://www.na-mu.co.kr/,서울시 동대문구
여성,천시스터즈,천시스터즈,천미리,02-2651-1338,sisters1000@naver.com,http://www.1000sisters.co.kr/,서울시 강서구
여성,탐나나,부건에프엔씨,박준성,1666-4707,biz@bugunfnc.com,http://www.tamnana.com/,서울시 금천구
여성,럽인업,럽인업,김고운,070-4696-1413,,http://www.luv-in-up.com/,전남 순천시
여성,플럼프봄,플럼프스프린,이정은,070-8866-1107,plumpspring@naver.com,http://www.plumpspring.com/,서울시 송파구
여성,오시조아,옷이조아,김미영,070-7520-9446,gohi1215@naver.com,http://www.osigoa.co.kr/,서울시 성북구
여성,맨투걸,맨투걸,채현아,032-816-0323,mantogirl0323@naver.com,http://www.mantogirl.com/,경기도 인천시
여성,그랩,그랩,허준호,070-5104-7146,shop@g-r-a-b.com,http://www.g-r-a-b.com/,서울시 마포구
여성,날으는물고기,날으는물고기,"이영주,박주영",02-6403-1339,flyingfish.hanmail.net,http://www.flyingfish33.com,서울시 노원구
여성,스타일파리,스타일파리,김응천,02-501-7080,eungsam@hanmail.net,http://www.style-pari.com/,서울시 서초구
여성,로컬맨션,로컬맨션,윤다영,070-8882-2437,jjj2437@naver.com,http://www.localmansion.com/,경기도 고양시
여성,헨느,헨느,소허상,1588-0953,reinehouse01@naver.com,http://reinehouse.co.kr/,인천시 부평구
여성,하늘바라기,에이치앤비스타일,현기영,070-8624-4005,h1031925@naver.com,http://hanlbaragi.com/,서울시 성북구
여성,포에바몰,푸시버튼스페이스,곽두영,02-797-1258,4evamall@4evamall.com,http://www.4evamall.com/,서울시 용산구
여성,미니메이드,미니메이드,김다연,02-2632-0813,minimadefile@naver.com,http://www.minimade.co.kr/,서울시 구로구
여성,티오그랜드마더,그랜드마더,김정미,070-4243-9146,sbw0313@naver.com,http://www.tograndmother.co.kr/,광주시 동구
여성,모던타임,모던타임,박정란,1899-3564,eaea1101@naver.com,http://www.moderntime.co.kr/,인천시 부평구
여성,앤달리,앤달리,박미나,031+651-6727,pmj25821@naver.com,http://www.anndaly.net/,경기도 평택시
여성,에버애프터,에퍼마인드,김은경,1661-1463,help@everafter.kr,http://www.everafter.kr/,서울시 중구
여성,플온비,플온비,이진아,0704806-5274,wisa@example.com,http://www.pleonb.com/,충북 청주시
여성,화이트폭스,미래패션,문선명,1544-2203,fox@secretlabel.co.kr,http://www.white-fox.co.kr/,경기 인천시
여성,룩넌,룩넌,기유나,070-4337-6114,info.looknone@gmail.com,http://looknone.co.kr/,경기도 고양시
여성,커플캔디,mcj,정민털,1544-8786,,http://www.couplecandy.kr/,부산시 해운대구
여성,유니티지,유니티지,정욱준,031-965-7425,unitage1018@naver.com,http://www.unitage.co.kr/,경기도 고양시
여성,핑크리스트,바비컬렉션,정영훈,1899-0725,nazcas@nate.com,http://www.pinklist.kr/,부산시 부산진구
여성,카우카우,카우카우,김형섭,070-4335-1557,khshbk@naver.com,http://www.cowcow.co.kr/,인천시 계양구
여성,수엘라,수엘라,손지연,070-7677-6585,normo79@naver.com,http://www.suella.co.kr/,성남시 분당
여성,피프틴엠,피프틴엠,조인경,070-7785-9383,,http://www.15eme.kr/,서울시 강남구
여성,트위,티엔제이,이기현,1522-9699,,http://twee.co.kr/,서울시 영등포구
여성,에린시크,에린시크,이보화,0707-622-4321,erinchic@naver.com,http://www.erinchic.com/,경기도 용인시
여성,로우키샵,로우키샵,"서지은,우선욱",02-323-4701,rowkyshop@hanmail.net,http://www.rowky.com/,서울시 마포구
여성,데일리무드,별,윤지영,1544-2896,hii_1@hanmail.net,http://dailymood.kr/,울산시 남구
여성,헤이글,헤이글,양혜인,010-9384-2609,21henny@naver.com,http://heigl.kr/,광주시 광산구
여성,쉬즈컴잉,에이치이비에이 리테일,이계훈,1644-5984,,http://www.shescoming.co.kr/,서울시 중구
여성,마니링,마니링,이마니,070-4304-2285,leemn8900@naver.com,http://maniling.com/,서울시 강남구
여성,꾸미,보그룩,박성원,02-3672-3675,psw7105@naver.com,http://www.kkuumi.com/,서울시 동대문구
여성,아이라이크유,아이라이크유,최은영,070-8845-8077,rlikeu2@naver.com,http://ttiding.cafe24.com/,서울시 강북구
여성,어썸제이,어썸제이,정문경,,awsomej11@naver.com,http://www.awsomej.co.kr/,광주시 서구
여성,요블림,요블림,신혜림,070-8835-2463,bek5353@naver.com,http://yovelym.com/,경기도 안양시
여성,미미앤바비,미미앤바비,이시현,1522-2181,,http://www.mimibabi.com/,충북 청주시
여성,멜로우코코,레이디부티크,홍금석,1544-0891,mellowtique@naver.com,http://www.mellowcoco.kr/,서울시 동대문구
여성,드레스무드,드레스무드,전정현,070-7788-1888,dressmood@naver.com,http://dressmood.com/,충남 천안시
여성,둡,둡,김수전,010-9520-6009,soojun2@naver.com,http://do-op.kr/,서울시 관악구
여성,핫키스,핫키스,윤규리,053-655-4545,ssagsag@gmail.com,http://hot-kiss.co.kr/,대구시 남구
여성,헬로키키,헬로키키,박민경,033-747-7470,hellokikis@naver.com,http://www.hellokiki.co.kr/,강원도 원주시
여성,에그핏,에그핏,정다솜,031-224-8665,egg-fit@naver.com,http://egg-fit.com/,경기도 화성시
여성,내츄럴마인드,내츄럴마인드,정형진,070-7807-3922,emlsml1004@nate.com,http://www.natural-mind.co.kr,서울시 성북구
여성,수헬렌,아코팰린,이상희,1599-1393,aco1717@naver.com,http://www.suhelen.com/,경기도 수원시
여성,러브엑스,러브엑스,이미란,1800-2162,luvxco@gamill.com,http://www.luvx.kr/,서울시 종로구
여성,코코샵,코코샵,김은아,1544-6107,thecocoshop@naver.com,http://www.thecocoshop.co.kr/,서울시 강남구
여성,텐투나인,상사병,진선미,02-2231-2774`,jinsunmi01@naver.com,http://tentonine.co.kr/,서울시 동대문구
여성,까멜리아,까멜리아,이지연,070-7526-1759,,http://www.camellias.co.kr/,경남 김해시
여성,아이러브비키니,가나,정지선,1800-4866,ganaswim@nate.com,http://www.ilovebikini.co.kr/,부산시 금정구
여성,스테이온,스테이온,한승범,02-904-2323,stayon.co.kr@gmail.com,http://www.stayon.co.kr/,서울시 강북구
여성,더웨이나인,더웨이나인,정혜인,1666-3987,thewayadm@gmail.com,http://theway9.com/,서울시 용산구
여성,마이셀피,옷타쿠,"노종현,빈기옥",1833-8831,ottakuda@naver.com,http://myselfie.co.kr/,경기도 고양시
여성,유니크온,수픽,고정환,070-7005-9108,shild76@naver.com,http://www.uniqueon.co.kr/,경기도 파주시
여성,아이데,,,070-4870-5957,,http://www.ayde.kr/,
여성,루미씨,부건에프엔씨,박준성,1666-2627,biz@bugunfnc.com,http://www.lumissy.com/,서울시 금천구
여성,모이브닝,포텐샵,양희찬,1600-9173,moevening@gmail.com,http://moevening.com/,부산시 사상구
여성,잔느,잔느,강혜림,070-7740-1011,magicbox114@naver.com,http://zanne.co.kr/,경기도 용인시
여성,에이걸,에이걸,정윤진,070-8154-4256,rose80b@nate.com,http://www.agirl.tv/,서울시 송파구
여성,외출하는날,외출하는날,조은주,1688-1855,lionking41@hanmail.net,http://www.nadri4u.com/,서울시 동대문구
여성,오키로,오키로,김희옥,02-478-1151,,http://www.5kg.co.kr/,서울시 강동구
여성,심플와이,심플와이,박영미,070-8273-0707,simple-y@daum.net,http://simple-y.co.kr/,경기도 성남시
여성,바이비비안,케이클로,이준규,02-511-5961,kclo7777@gmail.com,http://www.by-vivien.com/,서울시 강남구
여성,칸죠뎁트,칸죠뎁트,하영하,02-6396-5959,kanzodept@naver.com,http://www.kanzodept.com/,서울시 중구
여성,45678,45678,김형근,1522-0967,hyungken1@naver.com,http://45678.or.kr/,서울시 송파구
여성,코튼캔디스토어,코튼캔디스토어,노시윤,,cottoncandystore@gmail.com,http://www.cottoncandystore.co.kr/,서울시 마포구
여성,데일리아웃핏,데일리아웃핏,하지연,032-668-8254,hyojung_@nate.com,http://www.daily-outfit.co.kr/,경기도 부천시
여성,미뉴잇,미뉴잇,강은욱,010-5431-1043,ewcomm@naver.com,http://minuit.co.kr/,서울시 송파구
여성,크러시제이,크러쉬제이,한영민,1670-1747,missjung2016@naver.com,http://crushj.com/,서울시 성북구
여성,얀스토리,얀스토리,이용철,1661-6623,help@yan-story.com,http://www.yan-story.com,서울시 동대문구
여성,러빙코코,탱샵,조민지,070-7717-1777,my12@naver.com,http://lovingcoco.kr/,서울시 동작구
여성,울랄라,아이앤유앤아이,박인수,02-2233-8809,pis9353@naver.com,http://www.ullala.kr/,서울시 강동구
여성,피피걸,미컴퍼니,서원미,070-4191-8842,ppgirl0@naver.com,http://www.ppgirl.co.kr,서울시 동대문구
여성,모던레이디,모던레이디,김수복,070-8285-8149,haute1007@hanmail.net,http://modernlady.co.kr/,대구시 달서구
여성,비비드앤코,비앤코,이민우,02-1566-7966,vividnco@naver.com,http://www.vividnco.com/,서울시 성동구
여성,요니핏,요니핏,이화연,070-7785-1221,,http://www.yonifit.co.kr/,부산시 중구
여성,오렌지스타일,오렌지스타일,이원희,1688-7599,orange@orangestyle.co.kr,http://www.orangestyle.co.kr/,경기도 하남시
여성,어썸플라이,어썸플라이,홍지수,02-6203-9802,wppalswl@naver.com,http://www.awesomefly.com/,서울시 중구
여성,바비로즈,바비로즈,곽은경,070-7730-3035,,http://babirose.com/,서울시 마포구
여성,보통201,보통201,노혜온,070-4306-7879,kkam1224@naver.com,http://www.botton201.com/,경남 창원시
여성,메이크라이트,메이크라이트,심성현,070-8874-3279,makelight88@naver.com,http://www.makelight.co.kr/,서울시 관악구
여성,81마켓,81컴퍼니,오아나,02-2238-8181,81@81company.co.kr,http://m.81market.co.kr/,서울시 중구
여성,유니크바니,유니크비,서정우,1566-8139,young3571@hanmail.net,http://www.uniquebunny.co.kr/,경기도 부천시
여성,티라미슈,티라미슈,고재필,1588-6315,tiramisustyle@hanmail.net,http://www.tiramisustyle.com/,서울시 영등포구
여성,스니즈,스티즈,오민선,070-7719-1539,sneezeok@naver.com,http://sneeze.kr/,서울시 성동구
여성,도도스타일,도도스타일,김효진,031-207-0111,master@dodostyle.com,http://www.dodostyle.com/,경기도 수원시
여성,제이블린,제이블린,조민채,070-8778-0270,byblossom23@naver.com,http://j-blin.com/,경기도 남양주시
여성,오픈클로딩,오픈클로딩,노초아,010-3590-0094,nosa1015@naver.com,http://openclothing.co.kr/,서울시 구로구
여성,초이샵,초이샵,지성경,070-8774-2224,jiskozzang@naver.com,http://cho2shop.com/,서울시 성북구
여성,걸스에잇,,,,,http://girls8.co.kr/,
여성,달콩시럽,달콩시럽,서은진,02-2231-2316,byseeucom@naver.com,http://dalkongsr.com/,서울시 성동구
여성,피크피크,피크피크,고수리,055-921-5452,sks5612@naver.com,http://www.pickpick.co.kr,경남 진주시
여성,내추럴가든,내추럴가든,김경미,070-8243-9112,mlmlk@naver.com,http://linennatural.com/,경남 김해시
여성,정싸롱,정싸롱,정숙희,070-7752-7335,jsh6352@naver.com,http://www.jung-ssarong.com/,대구시 북구
여성,포큐,어나더무드,손영일,1688-8441,help@anothermood.com,http://www.10world.co.kr/,서울시 관악구
여성,안나앤클로젯,바람난신디,정미진,02-6402-1466,jungmi2373@naver.com,http://annancloset.com/,서울시 동대문구
여성,아이엠176,아이ㅏ엠백칩실육,김지원,070-4205-0176,iam176@naver.com,http://www.iam176.co.kr/,서울시 동대문구
여성,메이비치,메이비치,여순욱,070-4136-5352,apfhd1114@nate.com,http://maybeach.co.kr/,서울시 동대문구
여성,비이심플,바이심플,신민정,02-924-0234,berrysin@nate.com,http://www.besimple.co.kr/,서울시 성북구
여성,잇미,잇미,이영아,042-822-5815,,http://www.itme.kr/,대전시 유성구
여성,안녕몸모,안녕몸모,황효선,010-6785-4565,himommo@naver.com,http://hi-mommo.com/,대구시 남구
여성,블루레아,블루레아,홍승만,180-7023,help@blueleah.com,http://blueleah.com/,대전시 중구
여성,투데이미,투제이미,이경희,070-4898-5100,todaym2@naver.com,http://todayme.co.kr/,서울시 종로구
여성,미쓰브라운,미쓰브라운,안민영,043-239-8883,dancer2822@naver.com,http://www.missbrown.co.kr/,충북 청주시
여성,임부복닷컴,현영컴퍼니,신동석,02-2661-5710,imbubock@imbubock.com,http://www.imbubock.com/,서울시 강서
여성,마담부띠끄,마담부띠끄,정대웅,070-7868-8730,help@madamboutique.com,http://www.madamboutique.com/,서울시 중구
여성,더예스터데이,더예스터데이,안수인,070-8833-1106,theday_@naver.com,http://www.theyesterday.co.kr/,경기도 화성시
여성,돕뜨,돕뜨,신동빈,,dopvely707@naver.com,http://dopte.co.kr/,경기도 하남시
여성,라망,라망,김세인,070-8781-1240,laamant@naver.coom,http://la-mant.co.kr/,광주시 광산구
여성,블랙피치,블랙피치,이슬,070-7819-1985,imblackpeach@gmail.com,http://www.blackpeach.co.kr/,경기도 고양시
여성,애슬리트,디에스트레이딩,고명섭,1661-3271,athletekorea@naver.com,http://www.athletekorea.com/,서울시 중랑구
여성,워킹플라워,서진어패럴,이서진,070-4179-7799,rusa1217@naver.com,http://www.walkingflower.kr/,대전시 유성구
여성,담비,담비,최선연,070-7424-8242,redton85@gmail.com,http://damvi.com/,서울시 서초구
여성,피피앤쇼니,피피쇼니,김보라,02-6061-1902,pipishony@gmail.com,http://www.pipishony.co.kr/,부산시 해운대구
여성,애인,애인,"김경식, 현주",032-471-8097,hyun9472@naver.com,http://shop-eain.com/,인천시 남동구
여성,수아르,수아르,신은지,,soir1216@naver.com,http://www.soo-a.co.kr/,대구시 수성구
여성,슈에뜨,,,,,http://c-chouette.co.kr/,
여성,밤스,프로텍트엠,정영민,010-5105-1511,protectm@naver.com,http://www.balms.co.kr/,대구시 중구
여성,부루앤쥬디,고고마,신동진,070-4630-6734,my_yun@buru8judy.co.kr,http://buru8judy.com/,서울시 동대문구
여성,핑크젤리,핑크젤리,정서윤,051-758-6145,itosiiyun@nate.com,http://www.pink-jelly.com/,부산시 수영구
여성,써니러브,창성,박성훈,070-7607-0588,ssunny@ssunnylove.com,http://www.sunnylove.co.kr/,서울시 동대문구
여성,아모르파티,미니뽕,김진우,070-7410-2240,,http://www.minibbong.co.kr/,충북 청주시
여성,더무드,체리퍼플,전민우,070-8740-9999,the-mood@naver.com,http://themood.co.kr/,서울시 강북구
여성,무달링,무달링,엄다은,,ekdmschfhd5@naver.com,http://mudarling.kr/,경기도 화성시
여성,하트핑거,하트핑거,신은지,010-6653-0311,,http://www.heartfinger.kr/,서울시 용산구
여성,라라룸,희영닷컴,김강일,010-6451-7510,wjsh0511@naver.com,http://www.lalaroom.co.kr/,경기도 고양시
여성,어반룸,어반룸,이난영,070-8828-8593,ny4805@naver.com,http://www.urbanroom.co.kr/,충북 청주시
여성,모스메이,쏨니아,김소영,1599-9064,mayas00@somnia.co.kr,http://mossmay.com/,서울시 종로구
여성,노컨셉,디에스플러스,정갑영,1666-7763,shkim@noconcept.co.kr,http://www.noconcept.kr/,부산시 금정구
여성,언니가간다 시즌2,엘렌,이지수,070-4618-4334,,http://www.gomiss.co.kr/,서울시 영등포구
여성,라라트리,라라트리,고영은,010-4761-5400,help@lalatree.com,http://www.lalatree.com/,경기도 용인시
여성,잇스튜디오,다리미,박다솜,070-5025-8101,,http://eat-studios.kr/,서울시 마포구
여성,브라운코드,브라운코드,이미은,070-7719-6806,browncode@naver.com,http://www.browncode.co.kr/,충북 청주시
여성,오프닝스위치,타비,손희정,070-7857-0919,openingswitch@gmail.com,http://openingswitch.com/,서울시 중구
여성,보통샵,보통샵,강보연,070-4288-9440,sn5640@naver.com,http://botongshop.co.kr/,경기도 김포시
여성,핀팝,온아이앤씨,김경환,1661-7531,help@pinpop.co.kr,http://www.pinpop.co.kr/,서울시 성북구
여성,위드마리,위드마리,조마리아,032-613-3417,withmari206@naver.com,http://www.withmari.co.kr/,경기도 부천시
여성,바닐라세컨드,바닐라세컨드,정용선,070-4120-6066,jys446@naver.com,http://www.vanillasecond.com,인천시 남동구
여성,디어엔,디어엔,남현진,070-8784-2293,dearn14@naver.com,http://www.dearn.co.kr/,경기도 파주시
여성,미니레이디,미니레이디,강초롱,010-2356-7934,jagadodo@naver.com,http://www.mini-lady.co.kr/,서울시 도봉구
여성,그레이스원,그레이스원,원혜린,010-7671-1171,won1475@naver.com,http://grace1.co.kr/,서울시 동대문구
여성,헤이즐,톰앤래빗,이계훈,1599-1779,,http://www.heizle.co.kr/,서울시 동대문구
여성,제이콤마,제이콤마,최현진,1661-3489,jcommachj@naver.com,http://www.jcomma.com/,서울시 동대문구
여성,모나티크,모나티크,한우리,1833-6632,monatique@naver.com,http://www.monatique.com/,경남 김해시
여성,키작은여자,키작은여자,황수진,1661-6504,smallgirlkr@naver.com,http://www.kijakeunyeoja.com/,전북 고창군
여성,이지비지,이지비지,오세원,070-4772-6188,ezbz.com@gmail.com,http://www.e-z-b-z.com/,서울시 광진구
여성,디프니,체리퍼플,전민우,02-3394-7776,,http://www.deepny.com/,서울시 강북구
여성,윰,와이엠 어패럴,김재연,1644-3723,,http://www.yoom.co.kr/,서울시 서초구
여성,코코앤유,대경이노베이션,홍인화,02-412-9103,bodmodu@daum.net,http://www.cocond.com/,서울시 송파구
여성,누띵크,누띵크,김예진,070-7606-8811,nuthinkkorea@gmail.com,http://nuthink.co.kr/,대구시 수성구
여성,모슬린,수어패럴,유승현,1566-1751,soomuslin@naver.com,http://sooapparel.com/,서울시 은평구
여성,스튜디오82,플러스,김진이,070-4007-5038,,http://www.studiosplus82.com/,경기도 고양시
여성,위메르시,에디토 컴퍼니,정아영,02-3443-1078,ouimercicokr@naver.com,http://www.ouimerci.co.kr/,서울시 강남구
여성,마농,마농,김연주,070-8628-4003,heuin84@naver.com,http://manong.kr/,대구시 달서구
여성,마이블린,마이블린,채은영,1544-5649,help@myblin.com,http://www.myblin.com/,서울시 마포구
여성,피소녀,피소녀,신정현,070-4153-4437,nike8222@nate.com,http://www.feelsogirl.com/,인천시 부평구
여성,메리데이트,아웃도어공구코리아,최순열,070-8281-1054,la7109@nate.com,http://merrydate.co.kr/,경북 구미시
여성,플라잉에스,플라잉에스,김은경,070-8278-8658,flyings11@naver.com,http://flyings.co.kr/,울산시 남구
여성,채핏,채핏,박영주,02-434-9685,dhgustjr7277@naver.com,http://www.chaefit.com/,서울시 중랑구
여성,더로렌,스플렌더,김송월,070-7490-4475,pspice45@naver.com,http://thelauren.co.kr/,경기도 고양시
여성,세인트마리,세인트마리,배,02-6385-0085,st_bsh@naver.com,http://www.saintmary.co.kr/,서울시 마포구
여성,뉴먼데이,뉴먼데이,김예진,1566-7481,0_424@naver.com,http://www.newmonday.co.kr/,경기도 의정부시
여성,이끌,이끌,"송현아,박지효",070-8807-1212,,http://iccl.co.kr/,서울시 송파
여성,인투더150,인투더150,권우정,,intothe150@naver.com,http://www.intothe150.com/,서울시 강북구
여성,머쉬멜로우,머쉬멜로우,김하나,070-4349-5919,mallow5919@naver.com,http://www.marsh-mallow.co.kr/,대구시 수성구
여성,미씨룩,미씨룩,최영수,070-7769-3784,,http://www.missylook.com/,서울시 노원구
여성,폴라운지,폴라운지,손일락,1599-1916,tgreenbill@naver.com,http://www.paullounge.com/,서울시 중구
여성,누아르나인,누아르나인,김호율,02-794-8169,noirnine@naver.com,http://noirnine.co.kr/,서울시 용산구
여성,오프닝버튼,오프닝버튼,장은지,070-7607-0962,opening15@naver.com,http://openingbutton.com/,청주시 상당구
여성,데이그램,데이그램,최영연,070-4076-1910,cyy1512@naver.com,http://daygram.co.kr/,서울시 도봉구
여성,나래,나래,김나래,02-2233-8176,sk920714@nate.com,http://www.na-rae.co.kr/,서울시 중구
여성,은연,은연,윤은연,070-8888-6675,dbsdmsdus@naver.com,http://www.eunyeon.co.kr/,서울시 강남구
여성,소녀감성,소녀감성,김성중,1544-4782,help@snfeel.co.kr,http://www.snfeel.co.kr/,광주시 동구
여성,로라로라,비와이제이,김영근,1544-3224,rolarola@byyj.co.kr,http://www.rolarola.com/,서울시 강남구
여성,스무살더하기,스무살더하기,이금경,02-2264-8586,smusalplus@naver.com,http://www.smusal.co.kr/,경기도 고양시
여성,몰리나,몰리나,한지연,1661-3209,help@mollyna.com,http://www.mollyna.com/,서울시 서초구
여성,블랑쉬,블랑쉬,조성진,070-4109-0081,blanshe0831@naver.com,http://blanshe.co.kr/,경북 포항시
여성,민티크,올더멀티,고재근,070-4176-2123,,http://www.mintique.co.kr/,경기도 시흥시
여성,데일리뮤즈,데일리뮤즈,임희전,053-473-1278,dailymuse@naver.com,http://www.dailymuse.co.kr/,대구시 수성구
여성,버드스페이스,버드스페이스,장세희,070-7629-0713,,http://bird-space.kr/,서울시 강서구
여성,오마이겟,오마이겟,이은지,070-8723-0701,ohhhm@naver.com,http://www.oh-myget.com/,서울시 마포구
여성,블랑시크,블랑시크,"황주옥,송수빈",070-7681-8082,blanchic@naver.com,http://www.blanc-chic.com/,서울시 은평구
여성,제이블린,제이블린,조민채,070-8778-0270,byblossom23@naver.com,http://j-blin.com/,경기도 남양주시
여성,메리엣,메리엣,윤지수,010-3844-6435,jisustyle@naver.com,http://merryat.com/,강원도 춘천시
여성,로에르,에이치케이,이건혁,02-2297-1228,roer1@hanmail.net,http://www.roer.co.kr/,서울시 성동구
여성,바이너리원,바이너리원,조지현,070-4606-9336,nonine2000@nate.com,http://www.binary01.co.kr/,서울시 중랑구
여성,오픈더도어,에이인컴퍼니,박종훈,070-5067-5668,open_the_door@naver.com,http://www.openthedoor.kr/,서울시 성동구
여성,어나더콤마,어나더콤마,신효정,010-7385-3124,jhjmszz1@naver.com,http://hi-comma.com,부산시 금정구
여성,고백,고백,백서영,,517booboo@naver.com,http://www.go-100.co.kr/,경기도 평택시
여성,위드이픈,위앤아이커머스,이형정,1544-4613,ipun7272@naver.com,http://www.withipun.co.kr/,서울시 종로구
여성,쇼미,쇼미,조형진,070-8826-2129,cs@show-me.kr,http://www.show-me.kr/,인천시 남동구
여성,블랙블러썸,블랙블러썸,정소연,070-8854-4350,rai_roi@naver.com,http://blackblossom.co.kr/,경기도 성남시
여성,로맨티코,로맨티코,"홍동영,송미승",070-4190-8609,romantik5@naver.com,http://romantiko.co.kr/,강원도 춘천시
여성,플레닐룬,플레닌룬,박주리,070-8613-5032,plenilune_shop@naver.com,http://plenilune.co.kr/,서울시 종로구
여성,318생또노레,연컴퍼니,정재연,02-514-3188,318st_honore@naver.com,http://318st-honore.com/,서울시 강남구
여성,헤이브,헤이브,김차훈,010-8818-8831,kyb7623@naver.com,http://h2ve.com/,서울시 강남구
여성,모먼다이브,,,,,http://www.momentdive.com/,
여성,러브라이크,러브라이크,김선아,070-4175-5587,lovelike01@cafe24mail.com,http://love-like.co.kr/,경기도 용인시
여성,인커밍,인커밍,길선영,1522-3128,,http://www.in-coming.com/,강원도 춘천시
여성,위드썸,위드썸,양은지,070-7732-8850,withsome93@naver.com,http://withsome.com/,경기도 구리시
여성,에이블린,에이블포워드,전재홍,1577-9242,ablefoward@gmail.com,http://ablelyn.co.kr/,서울시 노원구
여성,러버블,러버블,김성철,010-6605-4679,fjqjqmf1@naver.com,http://www.lova-ble.com/,경기도 고양시
여성,포엑스,포엑스,김라니,070-7528-7607,rani023@naver.com,http://4xxxx.co.kr/,경기도 화성시
여성,몬테밀라노,린에스엔제이,허태영,02-515-7512,lmment@hanmail.net,http://montemilano.co.kr/,서울시 강남구
여성,코코멜로우,블루밍데이,이은정,070-5015-0452,,http://cocomellow.co.kr/,대구시 남구
여성,장수현,장수현,장수현,031-662-1173,arumdaunkh@naver.com,http://jangsuhyun.com/,경기도 평택시
여성,바이로,바이로,노은아,010-9925-6706,noeuna@nate.com,http://byroh.com/,서울시 강서구
여성,3초,3초,김수진,070-4641-9876,model_jinjin@naver.com,http://www.xn--3-br9f.kr/,서울시 금천구
여성,콤마엠,콤마엠,전민정,02-547-5240,commamj@naver.com,http://www.comma-m.co.kr/,서울시 강남구
여성,메디테이션,아웃도어굿스,현승엽,02-322-3995,info@meditations.co.kr,http://www.meditations.co.kr/,서울시 중랑구
여성,앨리스고홈,앨리스고홈,엄상분,02-706-1440,webmaster@alicegohome.co.kr,http://www.alicegohome.co.kr/,서울시 중구
여성,러블리밍,러블리밍,박차민,070-7622-6437,lovelyming16@naver.com,http://lovely-ming.com/,서울시 강북구
여성,라라홀릭,라라홀릭,최윤석,02-2215-8245,lalaholic_cs@naver.com,http://lalaholic.com/,서울시 성동구
여성,나비올라,나비올라,이호준,031-719-9136,1369715123@qq.com,http://nabyup.com/,경기도 광주시
여성,더에린,더에린,정은선,070-8639-5222,jes0070@nate.com,http://www.theerin.co.kr,경기도 남양주시
여성,탱크걸,아이,김봉수,02-927-7520,horasio38@naver.com,http://www.tank-girl.co.kr/,서울시 동대문구
여성,유니민,유니민,김경민,070-8291-4658,unimin816@naver.com,http://www.uni-min.co.kr/,경기도 화성시
여성,데어데어,데어데어,최수현,070-8867-5330,miro_codi@naver.com,http://therethere.kr/,서울시 종로구
여성,핏앤타이트,핏엔타이트,김아인,070-8729-7774,cocostyle_@naver.com,http://www.fit-tight.kr/,광주시 북구
여성,아몬드온,엔엑스케이,유장준,02-6471-7010,jhyoo@almondon.com,http://www.almondon.co.kr/,서울시 강동구
여성,프로젝트리,프로젝트리,"이보나,이은정",070-8868-0302,projectleee@naver.com,http://www.projectlee.co.kr/,충북 청주시
여성,크로스오버,크로스오버,한지혜,02-432-1670,cross8989@naver.com,http://cross-over.co.kr/,서울시 중랑구
여성,스타일스토커,스타일스토커,"정한영, 이보견",1599-2248,bkenhano@stylestoker.com,http://www.stylestoker.com/,경기도 고양시
여성,레이디세라,엘에스컴퍼니,황세련,070-8245-3306,lady-sera@hanmail.net,http://www.ladysera.co.kr/,경기도 고양시
여성,어반파우더,어반파우더,장현우,032-201-8245,,http://www.urban-powder.co.kr/,서울시 마포구
여성,잭팟777,잭팟777,박새롬,070-4215-7772,,http://www.jackpot777.co.kr/,경기도 부천시
여성,쏘뉴,쏘뉴,윤정희,02-415-3002,jhy4309@eure.kr,http://www.sonho.kr/,서울시 중구
여성,니꺼내꺼,니꺼내꺼,이정곤,02-468-6001,yoursmine1@naver.com,http://yoursmine.kr/,서울시 동대문구
여성,원썸유,윈썸유,김은형,070-4192-0707,ryung0330@naver.com,http://www.winsomeu.com/,대구시 달서구
여성,크라스,크라스,오진영,1670-6760,cras_@naver.com,http://www.c-ras.co.kr/,서울시 마포구
여성,블랙앤믹스,블랙앤믹스,김아영,070-8876-1878,boong63@naver.com,http://www.blacknmix.co.kr/,서울시 강동구
여성,민퀸,민퀸샵,이건우,010-2817-5027,mq@minqeen.net,http://www.minqueen.net/,서울시 구로구
여성,첼로걸,미스줄리,민경숙,1588-6159,hyunma84@naver.com,http://www.cellogirl.co.kr/,경기도 고양시
여성,모노쉬,모노쉬,김기범,1661-1250,monoshe@naver.com,http://www.monoshe.co.kr/,경기도 고양시
여성,비쥬비,유인컴퍼니,유재갑,1599-1793,yuin14@naver.com,http://www.bejube.com/,경기도 하남시
여성,블레어룸,블레어룸,공형준,070-4085-1204,blairoom1@naver.com,http://www.blairoom.co.kr/,서울시 동작구
여성,더밍,더밍,김민정,070-4142-6938,theming_@naver.com,http://www.theming.co.kr/,부산시 동래구
여성,보밍샵,보밍샵,이민경,070-4797-1604,bomingshop@naver.com,http://bomingshop.com/,경기도 성남시
여성,마이즈,테오어패럴,김태오,1544-2725,master@tomonari.co.kr,http://www.myze.co.kr/,서울시 동대문구
여성,더메뉴얼,더메뉴얼,구연주,010-3490-8891,kyoda@daum.net,http://the-manual.co.kr/,충북 청주시
여성,선남선녀,선남선녀,강민수,070-4205-5300,sn_sn1@naver.com,http://sn-sn.co.kr/,서울시 종로구
여성,마리앙뜨,마리앙뜨,황혜연,055-752-9096,,http://www.marieantte.com/,경남 진주시
여성,초이스바비,메르시글램,박이연,02-6929-1174,merci_glam@naver.com,http://choicebabi.com/shop/main/index.php?NaPm=ct%3Dj3viuibw%7Cci%3Dcheckout%7Ctr%3Dds%7Ctrx%3D%7Chk%3D24625a84be53a38f3de28a0a8bc029f924928cc8,서울시 강남구
여성,애프터글로우,애프터글로우,이민정,010-2959-2919,,http://www.afterglow.kr/?NaPm=ct%3Dj3vivfei%7Cci%3Dcheckout%7Ctr%3Dds%7Ctrx%3D%7Chk%3Deff1773267d5647cf770b5815ccc1e4aeb106af7,서울시 도봉구
여성,빼빼닷컴,빼빼닷컴,정욱재,031-573-3979,help@bbaebbae.com,http://www.bbaebbae.com/?NaPm=ct%3Dj3viw0x4%7Cci%3Dcheckout%7Ctr%3Dds%7Ctrx%3D%7Chk%3Df353d48087a5e1f277618c8859c02ae412df5f3f,경기도 남양주시
여성,필라페트라,필라페트라,김민지,070-7574-7823,,http://www.phila-petra.com/,경남 창원시
여성,쏘앵,쏘앵,김소연,070-4644-0620,ssoaeng_y@naver.com,http://ssoaeng.co.kr/?NaPm=ct%3Dj3vixcsj%7Cci%3Dcheckout%7Ctr%3Dds%7Ctrx%3D%7Chk%3D9ba9ab9185ada5d728dcfb956d874021c1b219ea,서울시 동대문구
여성,오즈나라,오즈나라컴퍼니,박시연,1661-0821,oznara@oznara.co.kr,http://www.oznara.co.kr/,부산시 진구
여성,폴앤,네페르타리,노승섭,20-333-7377,,http://www.paulanne.co.kr/,서울시 서대문구
여성,모던바이,모던바이,"유은정,이현경",010-6339-5645,modernbuy@naver.com,http://modernbuy.co.kr/,경남 김해시
여성,가르손느,가르손느,김금순,1644-4836,garconne15@naver.com,http://garconne.co.kr/,서울시 성북구
여성,오뜨리,오뜨리,김다휘,010-4242-1183,,http://www.othree.co.kr/,경기도 안성시
여성,핸드픽코튼,핸드픽코튼,양민지,070-4245-3291,handpickcotton@gmail.com,http://www.handpickcotton.kr/,대전시 서구
여성,호시샵,호시샵,종아리,031-967-1919,hosishop@naver.com,http://www.hosishop.com/?NaPm=ct%3Dj3vj87rm%7Cci%3Dcheckout%7Ctr%3Dds%7Ctrx%3D%7Chk%3D61758bdd0d1d50d78a0486e72ddaeb9092474541,경기도 고양시
여성,앤드스타일,앤드스타일,장민정,1599-2507,mj@andstyle.co.kr,http://www.andstyle.co.kr/?NaPm=ct%3Dj3vj9228%7Cci%3Dcheckout%7Ctr%3Dds%7Ctrx%3D%7Chk%3D738ae980985ce5a9e199704e1af61813ebe6a586,서울시 중구
여성,요즘에,요즘에,최경희,1877-6767,,http://www.yozme.co.kr/,서울시 강남구
여성,크라시앙,씨앤코리아,정종문,1644-0713,crassiang@nate.com,http://www.crassiang.com/?NaPm=ct%3Dj3vjaj1i%7Cci%3Dcheckout%7Ctr%3Dds%7Ctrx%3D%7Chk%3D39b95fac6109aea079f5b2a28ca70aec6e2db423,부산시 금정구
여성,오시야,오시야,김경희,032-324-5453,jhlsh1210@naver.com,http://www.ociya.com/?NaPm=ct%3Dj3vjbtnp%7Cci%3Dcheckout%7Ctr%3Dds%7Ctrx%3D%7Chk%3Dac223cd18071fc4b3ba0017b07590eb8e20fffc1,경기도 부천시
여성,스카이스토리,스카이스토리,이세아,031-239-5425,104skystory@naver.com,http://www.sky-story.co.kr/,경기도 화성시
여성,어바운드니니,어바운드니니,기은진,070-4222-7648,help@ni-ni.co.kr,http://ni-ni.co.kr/,대구시 남구
여성,애정팩토리,와이더블유,조영우,1833-5671,duddn797979@naver.com,http://ajfactory.co.kr/,경기도 평택시
여성,리플라워,에스제이애프앤씨,송승빈,1544-6681,hihijinam@naver.com,http://reflower.com/,경기도 의정부시
여성,모노페이지,진원씨앤씨,"구자환,설대근",1644-4358,byramibrown@gmail.com,http://monopage.co.kr/?NaPm=ct%3Dj3vjgpmj%7Cci%3Dcheckout%7Ctr%3Dds%7Ctrx%3D%7Chk%3D11e708f0e2b9f7ee0ab09f11f5e89438f2cf1ec6,서울시 동대문구
여성,크레이지걸스,크레이지걸스,윤성은,180-6203,crazygirls@daum.net,http://www.crazygirls.co.kr/,서울시 마포구
여성,데얼인,데얼인,박윤정,070-4656-7716,there_in@naver.com,http://www.therein.co.kr/,충북 청주시
여성,가시여우,투킴스,김규훈,010-6404-6391,help@gasifox.co.kr,http://www.gasifox.co.kr/?NaPm=ct%3Dj3vjjdzk%7Cci%3Dcheckout%7Ctr%3Dds%7Ctrx%3D%7Chk%3D30f51dadce7b2e7c3752eb78cc363d5992efff32,서울시 성북구
여성,더모노,더모노,박윤현,02-2281-4731,,http://the-mono.com/?NaPm=ct%3Dj3vjm10k%7Cci%3Dcheckout%7Ctr%3Dds%7Ctrx%3D%7Chk%3D2016452dfb83e463aade3fb7aef57864c009e465,서울시 성동구
여성,데일리바니,데일리바니,전아진,070-8247-9222,dailybonny@naver.com,http://dailybonny.com/,경기도 부천시
여성,포어스,포어스,오세원,010-2491-6484,tmddn4186@naver.com,http://www.4-us.co.kr/,서울시 금천구
여성,벨리시마,케이어패럴,전철민,1670-1022,imbellissima@naver.com,http://www.bellissima.me/?NaPm=ct%3Dj3vjopuj%7Cci%3Dcheckout%7Ctr%3Dds%7Ctrx%3D%7Chk%3D0e270fda8cae372e76bbbd96e35899a50753aff5,서울시 서초구
여성,날라리,날라리,이정만,031-242-3030,nalrarikr@naver.com,http://nalrari.kr/,경기도 수원시
여성,스타일바이솔,스타일바이솔,박현규,070-7424-9697,qwre1122@naver.com,http://www.stylebysol.com/?NaPm=ct%3Dj3vjqvjr%7Cci%3Dcheckout%7Ctr%3Dds%7Ctrx%3D%7Chk%3D7dbd2c93a95da465dedd6b25cbe617caa625c771,서울시 강북구
여성,청지기,청지기,한성숙,1588-3819,helpcustomer@naver.com,http://storefarm.naver.com/chungzigi,경기도 성남시
여성,하나비치,하바나비치,이경석,1600-4069,help@havanabeach.co.kr,http://www.hana-beach.com/?NaPm=ct%3Dj3vjt6nn%7Cci%3Dcheckout%7Ctr%3Dds%7Ctrx%3D%7Chk%3D3d545734147e56a477c25ee4231621a30a58aa16,서울시 광진구
여성,주순샵,버팀목,정부중,070-4814-2905,jbj6008@naver.com,http://joosoon.kr/?NaPm=ct%3Dj3vjus1s%7Cci%3Dcheckout%7Ctr%3Dds%7Ctrx%3D%7Chk%3Dc8e3a8dc60c26b5f936de3fba529a55e834d198f,경기도 안산시
여성,미쓰와이프,미쓰와이프,이수정,070-8815-1111,balijjung@naver.com,http://www.miss-wife.co.kr/,부산시 해운대구
여성,힐링데이,힐링데이,윤선혜,070-4109-7222,,http://www.healing-day.co.kr/,광주시 광산구
여성,스트릿미디언,부스컴퍼니,백종인,070-4142-3604,stmedian@naver.com,http://www.streetmedian.com/,경기도 용인시
여성,그림일기,피에스컴퍼니,김용대,070-7607-9211,grim_diary@naver.com,http://grimdiary.com/,서울시 동대문구
여성,더마티니,더마티니,이루리,070-7797-1503,,http://www.thematini.com/,대전시 유성구
여성,데일리라인,탑에이블,오혜진,1644-5843,topable@nate.com,http://dailyline.co.kr/?NaPm=ct%3Dj3vk40j0%7Cci%3Dcheckout%7Ctr%3Dds%7Ctrx%3D%7Chk%3D02c015138399e92d8b31eb652d1a5ca98062e0ff,광주시 북구
여성,홍대키라키라,키라키라,이영미,070-7769-2955,help@hongdae-kirakira.com,http://www.hongdae-kirakira.com/?NaPm=ct%3Dj3vk50qu%7Cci%3Dcheckout%7Ctr%3Dds%7Ctrx%3D%7Chk%3Da75cea593e99770d839a5a196474cc55f9414e96,서울시 은평구
여성,구콤마,구콤마,"김은지, 박미나",070-8849-0506,ninecomma@naver.com,http://9comma.com/,서울시 중랑구
여성,또잉,또잉,강경호,070-8800-2714,gaangzzang@gmail.com,http://www.ddoing.co.kr/,대구시 달서구
여성,데일리마켓,데일리마켓,권수진,070-881-7999,,http://www.dailymarket.kr/,인천시 계양구
여성,라온더데이,라온더데이,"임수빈, 오혜정",070-8884-2218,raontheday@naver.com,http://raontheday.com/,서울시 종로구
여성,그로잉업,그로잉업,김소희,043-222-5665,growingup88@naver.com,http://growingup.co.kr/,충북 청주시
여성,21워너비,21워너비,최현희,010-9415-7235,,http://www.21wannabe.com/,서울시 강동구
여성,마미마루,엠알인터네셔널,강흥보,1661-4577,mommymaru@naver.com,http://www.mommymaru.com/?NaPm=ct%3Dj3wc6zsf%7Cci%3Dcheckout%7Ctr%3Dds%7Ctrx%3D%7Chk%3D91933c3da7b37907bd8c7157bfb801724d563997,서울시 강남구
여성,미스라이트,패션몬스터,최진태,070-8261-8250,master@missright.co.kr,http://www.missright.co.kr/shop/main/index.php?NaPm=ct%3Dj3wc7x7u%7Cci%3Dcheckout%7Ctr%3Dds%7Ctrx%3D%7Chk%3D6776baf60d8fc6a623fa3e5b0e20e7d231912f99,서울시 동대문구
여성,미스티블루,미스티블루,김서진,070-7763-2126,mistyblue923@naver.com,http://mistyblue.kr/,강원도 춘천시
여성,귤마왕,귤마왕,김규리,032-541-5075,woomirang@never.com,http://gyulmawang.co.kr/,인천시 계양구
여성,맵씨,맵씨닷컴,장윤필,010-5959-0228,mapssi.com@gmail.com,http://www.mapssi.com/,서울시 송파
여성,데이니,데이니,박정현,070-8831-0212,dayni_@naver.com,http://dayni.kr/,대구시 중구
여성,힙핑크,리썸컴퍼니,이혜진,02-446-4596,help@hippink.com,http://www.hippink.com/,서울시 광진구
여성,코코쇼,체리코코,지동헌,1544-5515,help@kokoshow.tv,http://www.kokoshow.tv/?NaPm=ct%3Dj3wcp77o%7Cci%3Dcheckout%7Ctr%3Dds%7Ctrx%3D%7Chk%3Df14b2e7592183a3d75792062237319e1a0fe6021,서울시 강남구
여성,세컨드미러,세컨드미러,민윤이,1688-9590,,http://2ndmirror.com/,서울시 종로구
여성,오프닝페이지,다우에프엔디,송현섭,1577-2568,theopening@daum.net,http://wwww.the-opening.co.kr/,서울시 강동구
여성,무드클래식,무드클래식,최지혜,02-448-0172,,http://www.moodclassic.com/,서울시 송파구
여성,머쉬멜로우,머쉬멜로우,김하나,070-4349-5919,mallow5919@naver.com,http://www.marsh-mallow.co.kr/?NaPm=ct%3Dj3wctw2t%7Cci%3Dcheckout%7Ctr%3Dds%7Ctrx%3D%7Chk%3Dda585bb6894cd5f54a8061701c2e7147f1f65113,대구시 수
여성,수니,메이달,김은혜,070-7690-3490,hellohana45@naver.com,http://soonie.co.kr/,서울시 마포구
여성,더엘,엘커머스,이인영,1600-2901,help@monopalette.com,http://thelshop.com/?NaPm=ct%3Dj3wdblqo%7Cci%3Dcheckout%7Ctr%3Dds%7Ctrx%3D%7Chk%3D8cfce54970297c2f3c38e9ed5774c9f9a436328f,경기도 용인시
여성,오블리비아테,오블리비아테,황은경,010-8377-7941,dmsrud1356@naver.com,http://www.obli-viate.co.kr/,울산시 중구
여성,블랙핏,리얼쇼핑미디어,이은수,02-6712-9792,master.blackfit@gmail.com,http://blackfit.com/,서울시 강남구
여성,프롬핏,프롬핏,김한이,070-4247-0909,from_fit@naver.com,http://www.fromfit.co.kr/,서울시 성동구
여성,메리비,메리비,김지은,070-4685-6284,merry_be@naver.com,http://www.merrybe.co.kr/,대전시 중구
여성,로맨틱슬로우,로맨틱슬로우,공혜림,070-4246-1204,romanticslow@naver.com,http://www.romanticslow.com/,부산시 수영구
여성,다사라,다사라,황재민,02-988-5156,oxlove@naver.com,http://www.da-sara.com/?NaPm=ct%3Dj3wdjrju%7Cci%3Dcheckout%7Ctr%3Dds%7Ctrx%3D%7Chk%3Dcd405dcb6de75a36b8877aa39813257284c6edcc,서울시 강북구
여성,하찌몰,제이스홀딩스,전상인,1899-9671,s1212t@nate.com,http://www.hazzimall.com/,서울시 중랑구
여성,시밀러데이트,시밀러데이트,"장지은,김응수",031-8025-1911,similardate@naver.com,http://similardate.co.kr/,경기도 용인시
여성,베리츄,케이앤에스컴퍼니,박종선,032-546-9399,gloryart@hanmail.net,http://www.verychu.com/?NaPm=ct%3Dj3wdm2eo%7Cci%3Dcheckout%7Ctr%3Dds%7Ctrx%3D%7Chk%3D4f852612003493a527905af3ed55a215403cd92d,인천시 남동구
여성,텐텐샵,텐텐샵,현상용,032-271-3844,tentenshop@naver.com,http://www.tentenshop.co.kr/,경기도 부천시
여성,루어썸,런던시크,전도영,070-8846-6756,londonchic@hanmail.net,http://luresome.com/,성남시 중원
여성,유가릿,유가릿,구소연,010-2818-3621,coca223366@hanmail.net,http://www.ugotit.co.kr/,경기도 고양시
여성,코코라벨,코코라벨,코코라벨,070-7843-1231,coco-label@naver.com,http://coco-label.com/,서울시 송파구
여성,부기샵,부기샵,이소영,031-962-9798,,http://www.boogieshop.kr/,경기도 고양시
여성,시스터쏭,시스터쏭,김수현,070-8233-1616,,http://sisterssong.co.kr/,서울시 마포구
여성,철앤영,철앤영,김미현,070-4249-0907,,http://www.csxyh.com/,경기도 파주시
여성,비팩토리얼,비팩토리얼,박효빈,070-7655-7677,,http://bfactorial.com/?NaPm=ct%3Dj3wdtm12%7Cci%3Dcheckout%7Ctr%3Dds%7Ctrx%3D%7Chk%3D189f50110d040df751f9f6541ff1b0e6b90f7b8f,인천시 연수구
여성,헬로고져스,헬로고져스,김수현,070-8955-0148,h_gorgeous@naver.com,http://www.hellogorgeous.co.kr/,서울시 마포구
여성,보라킴,보라킴,김보라,010-6489-7012,dkimrb@naver.com,http://www.vorakim.com/?NaPm=ct%3Dj3wdv73b%7Cci%3Dcheckout%7Ctr%3Dds%7Ctrx%3D%7Chk%3Daa77b2f1ec6311ec1213b67a63b5fd5cc1f4426e,서울시 서대문구
여성,빈티지벤더,디알엠코,나영식,02-890-8699,qmfforzl@nate.com,http://www.vintagevender.com/,서울시 금천구
여성,드레스홀릭,드레스홀릭,정다운,010-2753-5945,evereverme@hanmail.net,http://www.dress-holic.co.kr/,경북 경산시
여성,나는엄마다,나는 엄마다,문성열,02-1877-9910,msy2665@nate.com,http://www.i-mmom.com/?NaPm=ct%3Dj3wdyubk%7Cci%3Dcheckout%7Ctr%3Dds%7Ctrx%3D%7Chk%3Dc2d22aebd3112cacde34f1d4948a4674af5ad988,인천시 서구
여성,44어패럴,44어패럴,권민수,1544-4394,44apparel@naver.com,http://44apparel.co.kr/,서울시 강남구
여성,도트리,도트리,이유경,070-7761-6185,dbrudo368@naver.com,http://www.cafe24.dot-ri.com/,서울시 동대문구
여성,썬샤인위드미,썬샤인위드미,박선주,070-7716-3408,urmys@naver.com,http://www.urmysunshine.co.kr/,서울시 성북구
여성,로더,로더,원혜림,010-7435-0046,lodeur94@naver.com,http://www.lodeur.co.kr/,인천시 부평구
여성,베이직어바웃,베이직어바웃,박혜민,070-7570-1310,basicabout@naver.com,http://www.basicabout.co.kr/,서울시 강서구
여성,미지우,미지우,정지우,070-8801-7280,,http://mejiwoo.com/?NaPm=ct%3Dj3we4yub%7Cci%3Dcheckout%7Ctr%3Dds%7Ctrx%3D%7Chk%3D0622f6c11d7aa46c8761cd13315f3b5a7be39e2c,서울시 송파구
여성,앨리스뮤즈,크리치,유정선,031-891-1063,olivia_486@naver.com,http://alicemuse.com/,경기도 용인시
여성,핑크몬스터,핑크몬스터,전지혜,070-7347-9329,junjh26@hanmail.ne,http://www.pinkmonster.kr/,경기도 의정부시
여성,허니빈스,허니빈스,박유빈,053-261-4798,dbqlssp001@naver.com,http://honeybins.co.kr/?NaPm=ct%3Dj3wed673%7Cci%3Dcheckout%7Ctr%3Dds%7Ctrx%3D%7Chk%3D6a8717b0c58fe6acfc7a90a42f0b11df517ee680,대구시 북구
여성,달다,달다,홍경아,010-2436-6808,dalda-@naver.com,http://www.dal-da.com/,인천시 계양구
여성,조이유,조이유컴퍼니,이우선,1833-6468,woosun91@naver.com,http://joyu.co.kr/,경기도 안양시
여성,파랑새,파랑새,오예은,02-6216-2220,oye0328@naver.com,http://parang-sae.com/,서울시 성동구
여성,인스펄스,부광유통,노기철,070-7499-0927,ileader0927@naver.com,http://inspers.co.kr/,경기도 파주시
여성,쁘띠홍,쁘띠홍,홍다윤,070-7765-2388,dy7925@naver.com,http://www.petit-h.com/,경기도 안양시
여성,힙스타,힙스타,오지은,070-8864-5315,hip_star@naver.com,http://www.hipstar.co.kr/,충북 청주시
여성,바이슈니,바이슈니,박가은,070-4128-8242,caca10521@naver.com,http://buyshuni.com/?NaPm=ct%3Dj3wel1kd%7Cci%3Dcheckout%7Ctr%3Dds%7Ctrx%3D%7Chk%3D1ec46ac5232ff7bd78b5a571c206257158e2e61b,서울시 동대문구
여성,플레이룩,플레이룩,박인천,063-283-7189,woozugoa@naver.com,http://playlook.co.kr/?NaPm=ct%3Dj3welw0p%7Cci%3Dcheckout%7Ctr%3Dds%7Ctrx%3D%7Chk%3Db940436fcbd08d69d270c269358702c93fa08807,전북 전주시
여성,바비수아,바비수아,성수빈,02-745-0055,barbiesuah@naver.com,http://www.barbiesuah.co.kr/,서울시 동대문구
여성,더로던,더로던,홍윤아,070-4149-3667,,http://www.therodern.com/,경기도 파주시
여성,지지크나인,지직구,손용훈,042-825-8213,jin64520@naver.com,http://www.zizik9.co.kr/?NaPm=ct%3Dj3weoefi%7Cci%3Dcheckout%7Ctr%3Dds%7Ctrx%3D%7Chk%3D0173781c8ebded6d64b3e24a6898a2dedf041642,대전시 유성구
여성,아이스바닐라,아이스바닐라,박민정,070-7124-2979,icevanilla@icevanilla.kr,http://www.icevanilla.kr/?NaPm=ct%3Dj3wetdih%7Cci%3Dcheckout%7Ctr%3Dds%7Ctrx%3D%7Chk%3D6f38432d3f1538f8ffae241b347292adf91d1e63,경기도 용인시
여성,문브이,문브이,최윤정,070-8672-8002,,http://moon-v.com/,경기도 세종시
여성,클래식클립,클래식클립,이지은,070-4214-0888,classiccliper@gmail.com,http://classic-clip.com/,경기도 부천시
여성,세여자몰,찬란한컴퍼니,최광종,0505-323-3636,3womanmall@3womanmall.com,http://www.3womanmall.com/,서울시 구로구
여성,플린,플린,안광호,070-7749-7003,,http://www.flynn.co.kr/,서울시 은평구
여성,하루에,하루에,이지인,070-7798-2885,harue2@hanmail.net,http://www.haru-e.co.kr/,경기도 남양주시
여성,훈커스,훈커스,김예리,070-7178-2500,hoonkers@naver.com,http://hoonkers.com/?NaPm=ct%3Dj3weymyt%7Cci%3Dcheckout%7Ctr%3Dds%7Ctrx%3D%7Chk%3D1b673c0c1f7e1b7c9b33f9d24ca37c3edd8a17fe,서울시 관악구
여성,바닐라비키,에스제이,김애정,031-790-1093,vanillabiki@naver.com,http://www.vanillabiki.com/?NaPm=ct%3Dj3wezeoy%7Cci%3Dcheckout%7Ctr%3Dds%7Ctrx%3D%7Chk%3Dc0f0c9b5f6732d93132232236bbacce1ed7ddb22,경기도 하남시
여성,박망고,박망고,박용근,0505-383-0505,parkmango@parkmango.com,http://parkmango.com/,경남 통영시
여성,메이비라운드,메이비라운드,정진묵,070-8777-0623,mashi2015@naver.com,http://maybe-round.com/,인천시 부평구
여성,모코블링,모코블링,권아람,1644-1069,mocobling4@naver.com,http://www.mocobling.com/,서울시 강북구
여성,시크폭스,더샵스토리,김병태,1661-7717,help@chicfox.co.kr,http://www.chicfox.co.kr/,서울시 송파구
여성,리센,티엔피인터내셔날(주),탁상철,1544 - 3617,lycene@lycene.co.kr,http://www.lycene.co.kr/,서울시 강서구
여성,아루키,(주)아보키스트,"박태준, 전인우",1833-9641,info@arooki.net,http://www.arooki.net/,성남시 분당구
여성,스타일드레싱,스타일드레싱,한성숙,1588-3819,helpcustomer@naver.com,https://swindow.naver.com/style/store/1000016334?NaPm=ct%3Djctsf4lu%7Cci%3Dcheckout%7Ctr%3Dds%7Ctrx%3D%7Chk%3D28c9749014dfdec900d91fc336301805d2cfe78e,성남시 분당구
여성,워니언니,워니언니,한성숙,1588-3819,helpcustomer@naver.com,http://storefarm.naver.com/wonyunny?NaPm=ct%3Djctsl6y2%7Cci%3Dcheckout%7Ctr%3Dds%7Ctrx%3D%7Chk%3D3f52552ae071bfeba75aa4e81e5599e4490b2da0,성남시 분당구
여성,비비코이,애플하나,최경미,070-8236-4483,thdalswn@daum.net,http://vivicoy.com/,서울시 강북구
여성,헬로시스터,(주)피앤비닷컴,김광열,1688-6854,pnb333@naver.com,http://www.hello-sister.co.kr/,서울시 성북구
여성,미미바비,미미앤바비,이시현,1522-2181,,http://www.mimibabi.com/index.html,충청북도 청주시
여성,루호,호야루,윤성미,070-8841-7773,gunttl00@naver.com,http://www.ruho.co.kr/,경상남도 창원시
여성,투에프비,마루에프엔씨(주),,1599-0125,webmaster@marufnc.com,http://www.2fb.co.kr/,서울시 성동구
여성,막스닉스,MOXNIN,임순영,070-4224-0033,moxnix_youth@naver.com,http://www.moxnix.co.kr/,용인시 처인구
여성,바이비비안,케이클로(K-CLO),이준규,02-511-5961,kclo7777@gmail.com,http://www.genzshop.com/,서울시 강남구
여성,다크빅토리,(주)다크빅토리,"송미라, 김혜련",1566-3707,darkvictoryks@nate.com,http://www.darkvictory.co.kr/?NaPm=ct%3Djctuccqb%7Cci%3Dcheckout%7Ctr%3Dds%7Ctrx%3D%7Chk%3D74e8769e6045d42ba64189b2cfd67d4f590474f4,서울시 용산구
여성,뽀람,(주)에스와이제이,김소영,1522-9782,saip2424@hanmail.net,http://www.bboram.co.kr/,서울시 금천구
여성,13월,13월,한성숙,1588-3819,helpcustomer@naver.com,http://storefarm.naver.com/13month_?NaPm=ct%3Djctutg8c%7Cci%3Dcheckout%7Ctr%3Dds%7Ctrx%3D%7Chk%3Dda5598f603fadf68cad1954b203d728d01a326cc,성남시 분당구
여성,러블리쌤,러블리쌤,이유경,1688-7573,,http://www.lovelyssam.com/,수원시 권선구
여성,티나니,에이치케이(HK Company),이건혁,02-448-1227,xlsksl1018@hanmail.net,http://www.t-nani.co.kr/?NaPm=ct%3Djctw4oj3%7Cci%3Dcheckout%7Ctr%3Dds%7Ctrx%3D%7Chk%3D2375a6af840013a4d4ab47840a41c68d9bd2833a,서울시 성동구
여성,미아마스빈,(주)미아마스빈,김영란,1566-0283,help@miamasvin.co.kr,http://www.miamasvin.co.kr/,대구시 달서구
여성,마호샵,마호샵,노창희,070-7533-8923,5055606@naver.com,http://www.mahoshop.net/,경기도 김포시
여성,앤클래스,(주)피아솜통상,최성재,02-2088-3961,webmaster@nibbuns.co.kr,http://www.nclass.co.kr/,서울시 성동구
여성,커먼유니크,(주)어나더무드,손영일,1688-9308,help@anothermood.com,http://www.10world.co.kr/,서울시 금천구
여성,시크릿유,시크릿유,이선영,1644-3796,secretu3796@gmail.com,http://www.secretu.co.kr/,서울시 종로구
여성,코코팝,코코팝,한성숙,1588-3819,helpcustomer@naver.com,https://swindow.naver.com/style/store/1000016334?NaPm=ct%3Djctsf4lu%7Cci%3Dcheckout%7Ctr%3Dds%7Ctrx%3D%7Chk%3D28c9749014dfdec900d91fc336301805d2cfe78e,성남시 분당구
여성,바비드레스,바비드레스,박수진,010-9895-9897,pinkrosesoo@naver.com,http://barbiedress.co.kr/,서울시 강남구
여성,모노레인,모노레인,한성숙,1588-3819,helpcustomer@naver.com,https://swindow.naver.com/style/store/1000016334?NaPm=ct%3Djctsf4lu%7Cci%3Dcheckout%7Ctr%3Dds%7Ctrx%3D%7Chk%3D28c9749014dfdec900d91fc336301805d2cfe78e,성남시 분당구
여성,팝콘베리,팝콘베리,양환희,02-990-2510,y2hoe@naver.com,http://www.popcornberry.com/?NaPm=ct%3Djctxr2lj%7Cci%3Dcheckout%7Ctr%3Dds%7Ctrx%3D%7Chk%3Da9311a47236dc447f7d22440c57b807669ea174e,서울시 도봉구
여성,블루나인,블루나인스타일,이지인,053-764-3056,calm3577@naver.com,http://blue9s.com/,대구시 수성구
여성,해피로미,바이포미(주),신영태,02-2256-7048,help@happyromi.co.kr,http://www.happyromi.co.kr/?NaPm=ct%3Djctxz5wp%7Cci%3Dcheckout%7Ctr%3Dds%7Ctrx%3D%7Chk%3Dd66488f8a2c92de00f3702a1c95365858496c73f,서울시 광진구
여성,오미츄,오미츄,오희석,02-2256-7790,(제휴/제안) freemi_hs@naver.com,http://www.omeetyou.com/,서울시 중구
여성,쇼부,쇼부,이성현,010-8249-9114,show-bu@naver.com,http://show-bu.com/,경상남도 밀양시
여성,후드야,선남선녀,강민수,070-4205-5300,hoodya1@naver.com,http://www.hoodya.co.kr/,서울시 도봉구
여성,호박마차,호박마차,박선희,070-7631-7688,apple447111@korea.com,http://www.pumpkin-coach.com/,성남시 분당구
여성,베라시티,베라시티,윤나경,1566-7844,,http://www.veracity.co.kr/,안양시 동안구
여성,노웨어,노웨어,한성숙,1588-3819,helpcustomer@naver.com,https://swindow.naver.com/style/store/1000016334?NaPm=ct%3Djctsf4lu%7Cci%3Dcheckout%7Ctr%3Dds%7Ctrx%3D%7Chk%3D28c9749014dfdec900d91fc336301805d2cfe78e,성남시 분당구
여성,텐펄,텐펄,정담,070-4062-0735 (010-4951-0736),jd0736@naver.com,http://10pearl.co.kr/,
여성,더 듀,THEDEW(더듀)-메종드레리,CHOO RAN,02-2231-7135,maisonderary@naver.com,http://www.thedew.co.kr/,서울시 종로구
여성,비위치,비위치,이병용,010-3600-8359,lby2312@naver.com,http://www.be-witch.co.kr/?NaPm=ct%3Djcu1r8rw%7Cci%3Dcheckout%7Ctr%3Dds%7Ctrx%3D%7Chk%3D3972a34556adf1b8633cda0bb75787cc8352a5d1,서울시 관악구
여성,버닝호텔,Burning Hotel(버닝호텔),김세범,070-8874-3777,service_bnht@naver.com,http://www.theburninghotel.com/,경기도 구리시
여성,마마본즈,마마본즈,구본중,010-7761-1621,mamabonz@naver.com,http://www.mamabonz.com,경시도 부천시
여성,모던본즈,모던본즈,성한솔,070-4121-0103,"moderns48@naver,com",www.modern-borns.co.kr/,충청북도 청주시
여성,VONZE,(주)바이와이제이,김영근,1544-8403,vonze@byyj.co.kr,http://www.vonze.com/,서울시 강남구
